142,164,189,301,484,785,865,
138,162,177,270,443,808,862,
123,185,200,251,450,849,864,
129,190,255,245,429,854,859,
135,161,230,322,608,873,867,
115,183,303,331,600,855,866,
123,154,255,356,652,898,864,
129,182,284,304,609,843,860,
122,222,252,254,564,813,864,
158,235,245,325,489,891,866,
116,203,212,275,625,856,868,
130,173,213,260,527,830,863,
118,147,275,359,527,838,866,
140,193,237,299,624,839,866,
138,243,200,353,515,826,865,
128,204,203,295,494,800,862,
139,175,220,310,604,842,863,
98,148,185,281,524,828,859,
157,173,290,314,580,859,867,
131,195,255,318,608,878,865,
139,190,259,322,618,827,867,
125,159,230,305,623,841,866,
84,151,203,318,727,876,864,
199,204,202,371,692,889,866,
176,197,230,365,576,850,867,
111,168,240,304,543,782,863,
167,142,251,299,566,874,867,
118,138,213,314,661,851,859,
177,218,217,290,607,867,859,
148,267,257,252,543,817,864,
89,224,247,308,477,797,870,
184,192,222,305,758,868,865,
164,165,190,357,679,774,864,
141,164,206,364,686,837,869,
157,210,242,305,629,826,864,
106,188,240,346,728,831,865,
181,158,213,299,600,820,865,
151,181,229,362,664,878,860,
103,155,263,323,587,831,863,
151,160,229,281,662,785,868,
117,165,319,291,553,808,855,
180,186,268,250,637,875,866,
143,174,224,288,694,851,866,
109,151,192,244,712,803,867,
160,152,215,272,829,828,863,
135,169,254,332,690,830,867,
126,175,268,332,690,805,867,
123,212,257,301,573,845,859,
99,207,258,305,721,855,866,
168,178,311,326,596,843,860,
167,211,515,291,642,825,863,
123,253,452,304,576,828,867,
185,259,539,358,564,816,861,
133,217,492,327,558,821,864,
127,187,426,279,640,827,869,
125,189,358,269,652,758,862,
139,166,374,318,572,873,869,
135,177,468,375,602,804,860,
131,215,442,323,560,894,865,
140,227,399,349,589,817,864,
132,192,475,293,561,829,867,
121,227,463,379,597,841,864,
147,264,389,319,531,848,863,
132,220,332,273,490,831,869,
148,219,358,266,561,849,863,
123,217,455,250,466,826,867,
154,182,385,307,488,808,865,
124,191,460,302,446,832,861,
109,161,384,303,589,806,864,
139,156,319,292,713,819,863,
114,192,269,307,747,851,865,
132,161,264,299,621,807,866,
115,191,225,335,594,890,864,
143,159,260,281,644,839,867,
131,172,240,363,656,907,864,
111,151,281,305,648,772,866,
148,179,286,330,777,932,864,
128,201,370,435,643,833,865,
128,216,530,363,535,802,865,
163,242,439,343,508,798,867,
116,204,452,293,574,759,864,
141,182,395,290,505,808,864,
129,188,332,275,425,834,863,
130,194,278,338,440,850,863,
149,174,275,315,501,842,863,
120,183,399,265,424,845,870,
149,177,332,318,514,831,866,
144,193,388,304,518,850,867,
93,203,344,271,497,864,866,
163,185,291,239,469,862,862,
118,169,377,319,492,849,862,
126,176,312,278,508,852,863,
150,195,468,248,495,861,860,
118,195,389,366,435,845,865,
145,165,410,308,521,802,861,
130,168,346,319,434,854,865,
98,170,444,271,541,815,866,
168,235,370,255,482,829,864,
125,218,336,269,530,832,868,
111,185,336,359,509,859,866,
121,161,352,327,473,866,867,
134,222,337,318,478,866,866,
161,194,386,305,467,848,862,
117,185,407,271,555,821,867,
114,180,339,295,539,824,869,
138,155,287,302,458,855,862,
117,213,606,374,619,884,867,
124,187,500,316,603,839,865,
115,191,464,359,501,869,861,
124,207,430,304,604,875,863,
149,176,389,260,599,820,866,
124,201,422,284,495,801,866,
135,169,482,239,581,862,866,
118,147,405,317,515,840,863,
142,179,354,348,527,830,865,
134,219,649,290,526,837,862,
106,220,535,330,633,847,863,
126,187,444,344,530,836,866,
134,193,495,294,586,816,865,
109,190,425,338,534,823,865,
121,180,438,279,563,831,864,
120,154,474,305,514,838,861,
139,197,442,293,566,861,867,
135,171,366,263,475,868,861,
117,214,611,323,541,853,868,
115,196,504,272,581,835,866,
141,165,420,270,515,830,866,
134,141,446,267,554,848,859,
109,171,372,290,549,843,866,
123,184,341,327,511,833,856,
142,165,347,274,604,841,869,
137,194,450,305,503,800,863,
129,163,374,317,469,836,869,
96,143,316,315,478,871,866,
135,153,400,269,597,848,861,
118,194,403,329,508,847,864,
130,163,351,277,630,836,869,
140,180,293,318,526,848,863,
111,173,458,356,442,824,862,
163,167,413,323,559,838,868,
139,176,420,271,558,858,855,
111,173,375,306,557,780,866,
139,204,316,343,497,854,862,
145,173,354,288,536,870,859,
130,147,429,290,532,821,869,
117,180,384,259,443,831,857,
119,160,321,229,523,822,863,
137,173,369,278,514,852,865,
123,188,333,296,539,891,863,
140,162,379,247,517,791,865,
158,172,327,329,523,845,861,
124,195,328,387,524,833,858,
128,233,599,326,560,837,861,
124,200,499,351,541,897,865,
143,168,413,334,508,836,868,
129,163,345,300,484,862,862,
114,173,360,269,576,836,864,
143,228,381,264,479,819,864,
134,220,322,285,403,850,862,
105,205,339,277,547,847,865,
144,223,309,351,472,853,868,
143,188,403,294,462,851,864,
109,179,339,323,475,774,867,
123,156,280,269,468,824,863,
113,139,239,296,458,835,868,
138,199,572,525,573,775,858,
126,195,477,435,500,829,868,
118,201,398,366,541,882,869,
115,225,422,303,456,910,861,
120,190,355,289,508,849,864,
126,168,399,274,428,863,864,
125,197,414,316,439,848,865,
113,166,352,268,449,860,867,
118,166,363,321,526,833,863,
127,143,307,269,567,780,859,
129,120,258,284,567,781,865,
121,140,218,346,514,866,861,
117,184,242,317,478,865,867,
125,180,203,294,451,866,867,
127,227,525,495,522,821,857,
138,197,519,415,536,864,859,
118,169,434,345,451,819,863,
111,178,507,289,521,788,868,
105,188,421,284,494,875,865,
135,189,358,299,466,820,864,
130,167,352,256,527,841,867,
129,178,489,252,531,824,850,
117,150,409,307,492,871,867,
123,189,343,320,433,831,866,
141,200,444,413,566,915,859,
128,240,445,345,474,843,867,
151,201,563,289,438,821,870,
132,179,536,243,514,812,863,
103,170,675,329,464,848,866,
118,169,559,295,517,873,868,
137,255,679,261,440,843,866,
125,237,563,309,438,879,862,
133,203,532,353,552,868,861,
137,172,522,295,548,830,865,
111,186,580,312,559,877,866,
123,178,565,277,544,761,864,
137,151,569,281,452,779,868,
127,228,696,298,457,869,865,
131,222,723,300,493,813,867,
123,191,634,298,573,870,864,
139,179,581,304,476,865,863,
126,170,566,256,441,808,868,
153,189,669,283,474,818,867,
120,240,779,331,407,788,866,
99,202,691,309,520,860,867,
136,197,722,264,592,802,863,
168,248,689,287,497,814,865,
122,212,646,262,498,860,866,
129,181,700,330,502,833,865,
120,165,700,333,468,854,865,
123,220,657,380,410,816,866,
127,260,728,319,455,805,866,
136,216,605,326,519,843,868,
138,187,603,273,439,778,864,
119,164,701,300,505,811,870,
132,189,678,280,457,820,869,
142,219,796,349,388,880,863,
128,186,661,296,446,889,865,
109,204,545,256,463,842,862,
123,176,452,293,471,857,866,
105,181,380,367,512,855,869,
138,222,517,307,465,858,864,
135,188,432,261,548,837,863,
113,158,362,284,509,817,859,
129,155,300,254,495,846,862,
140,177,256,222,491,845,858,
114,158,237,267,505,857,869,
137,159,209,333,437,877,863,
123,159,203,306,449,859,865,
121,150,221,346,466,832,865,
116,195,346,335,504,843,866,
116,209,541,283,568,788,867,
111,238,580,283,478,837,869,
146,247,618,252,501,799,861,
127,209,607,349,433,814,857,
128,185,581,292,430,856,864,
146,191,556,303,466,741,863,
117,222,734,288,426,884,869,
114,190,610,280,474,856,864,
113,186,608,265,465,859,863,
143,190,501,290,458,814,864,
112,162,418,305,441,838,865,
149,137,480,292,452,822,867,
123,144,399,294,419,821,861,
133,186,478,301,432,840,863,
124,155,400,264,584,825,863,
115,169,332,255,495,806,859,
138,143,281,250,516,840,865,
144,190,352,325,513,839,864,
141,193,429,281,698,771,865,
130,216,439,372,583,853,869,
123,203,368,311,603,873,868,
151,174,306,286,626,867,864,
104,158,399,326,521,806,867,
121,142,347,312,588,814,866,
111,159,294,274,571,772,858,
151,163,257,286,541,833,851,
119,166,301,297,525,879,864,
136,177,292,279,661,830,869,
126,169,389,321,559,860,867,
103,186,401,316,568,854,859,
134,159,336,299,479,828,869,
141,139,316,270,592,842,860,
121,173,477,360,644,826,869,
123,199,553,342,597,809,867,
122,171,460,322,503,823,867,
142,177,384,268,636,842,856,
103,165,320,286,575,838,868,
142,205,296,290,581,817,870,
133,175,363,335,570,840,868,
121,152,408,286,476,829,866,
117,188,343,290,458,841,861,
127,187,413,261,466,859,862,
152,183,369,321,592,855,867,
118,211,309,330,567,840,864,
135,181,331,384,622,722,867,
120,223,520,326,569,859,869,
121,220,433,309,534,841,857,
133,204,363,303,484,785,864,
124,263,356,255,481,785,856,
151,221,302,318,676,811,862,
119,190,439,285,717,851,861,
135,160,366,240,592,804,863,
125,220,363,266,503,846,863,
120,190,335,321,543,807,864,
130,169,283,354,573,811,867,
141,153,236,338,486,858,863,
125,215,320,285,441,833,865,
107,187,267,266,465,810,870,
139,222,385,375,472,920,865,
139,205,549,314,544,828,865,
128,180,455,296,461,824,863,
120,170,437,302,575,876,862,
112,205,477,332,520,849,866,
119,176,397,385,522,830,859,
118,248,496,318,615,869,864,
128,226,411,293,629,890,863,
129,191,345,297,713,891,864,
135,161,287,304,591,828,869,
120,141,255,325,573,842,870,
106,137,265,333,633,837,867,
155,193,233,357,736,840,867,
144,196,274,299,613,827,861,
117,164,260,284,536,852,864,
104,140,259,277,613,818,867,
117,152,253,337,508,856,865,
114,155,212,284,494,836,866,
119,219,191,322,488,858,867,
146,250,178,384,477,902,865,
120,211,336,328,700,838,864,
89,180,281,363,751,898,866,
162,168,244,335,657,841,862,
149,184,253,303,662,779,856,
133,159,262,300,620,802,863,
128,162,218,289,725,858,859,
96,160,242,307,613,848,862,
138,185,253,281,555,820,865,
152,250,221,347,702,820,865,
130,210,311,329,580,763,867,
122,178,261,329,643,896,860,
97,170,223,290,654,814,865,
142,159,209,360,555,832,868,
175,188,459,443,679,885,855,
127,203,441,372,711,871,869,
125,190,368,309,639,857,862,
108,181,309,259,561,850,862,
121,160,265,295,656,822,858,
119,140,229,288,604,805,866,
127,148,209,350,815,864,862,
125,178,250,299,680,838,864,
124,218,289,326,632,809,864,
142,193,244,337,538,867,864,
125,177,249,329,610,885,865,
116,148,220,311,644,824,870,
136,177,217,258,642,763,861,
130,151,228,293,772,857,866,
108,144,243,264,641,826,865,
127,139,237,261,538,838,867,
129,156,241,279,538,839,864,
114,196,235,246,727,870,864,
122,166,270,287,622,843,868,
115,207,544,343,671,869,866,
116,188,455,284,683,803,860,
140,196,406,354,617,896,858,
124,172,370,294,584,828,851,
118,239,500,312,495,844,863,
131,201,414,270,516,832,867,
132,201,504,348,515,850,862,
115,207,437,308,430,842,867,
103,213,434,281,490,813,863,
162,179,378,257,496,842,861,
124,243,401,296,624,871,869,
114,260,479,360,520,815,859,
124,217,402,320,500,866,868,
143,184,436,296,488,822,865,
107,224,477,353,468,820,866,
119,189,398,302,472,853,867,
137,247,509,336,527,868,866,
139,207,426,369,496,813,863,
136,193,354,312,535,804,865,
151,171,297,281,764,832,863,
110,171,310,347,632,857,868,
105,156,260,382,537,890,868,
129,147,219,380,628,872,863,
110,180,315,321,575,818,865,
143,185,266,326,754,872,865,
132,198,243,358,715,846,859,
132,168,203,300,720,851,862,
112,154,243,311,598,919,862,
131,152,528,385,521,842,863,
136,187,464,322,492,856,867,
121,194,391,351,443,844,858,
113,209,408,294,429,882,861,
125,179,344,245,493,829,868,
126,193,286,327,504,812,864,
116,180,327,376,486,860,860,
111,163,316,321,512,853,863,
113,208,400,275,484,836,866,
112,174,467,299,523,857,866,
143,169,388,318,512,821,867,
135,208,409,324,432,877,862,
131,177,369,272,436,827,862,
127,158,308,273,533,815,867,
135,177,363,287,574,837,868,
112,197,416,346,570,826,865,
113,175,351,290,481,857,867,
125,214,351,247,505,881,867,
104,199,293,376,470,855,855,
131,167,441,317,542,825,866,
132,209,369,298,519,814,866,
121,214,310,277,496,855,860,
110,223,300,300,448,834,862,
116,190,316,304,564,851,853,
139,174,336,378,498,756,864,
129,161,422,326,537,838,865,
108,174,373,319,466,763,869,
168,201,635,355,581,888,865,
127,207,711,326,584,836,857,
125,198,589,324,583,843,868,
130,200,549,269,581,908,866,
132,168,459,370,554,834,870,
106,164,410,311,564,849,864,
141,198,481,317,466,857,864,
143,231,546,378,426,866,866,
111,196,452,317,555,885,859,
126,166,380,266,480,801,863,
116,203,640,263,562,794,866,
138,230,532,240,559,880,865,
126,192,441,244,505,852,865,
142,208,479,299,541,831,863,
126,189,408,255,498,851,866,
120,194,564,336,539,811,865,
136,178,471,280,482,821,863,
145,188,473,304,610,857,863,
123,163,416,268,558,831,866,
124,198,640,263,546,803,868,
108,189,528,331,494,860,867,
141,228,442,310,452,885,868,
159,192,369,264,440,819,859,
122,208,412,271,444,855,861,
131,176,361,317,563,844,866,
131,196,387,267,467,812,865,
118,206,443,342,474,718,863,
116,174,379,289,555,831,870,
130,175,388,312,476,861,865,
136,180,326,262,516,837,868,
114,174,508,365,544,848,869,
117,158,422,307,519,837,865,
145,137,355,278,535,831,849,
132,177,479,315,564,826,865,
108,194,477,308,475,858,864,
146,218,395,363,536,810,863,
141,187,452,331,489,873,866,
119,180,398,278,537,848,864,
127,173,369,252,449,841,864,
153,176,453,277,477,836,862,
121,186,383,303,542,824,860,
111,159,322,255,464,890,863,
134,150,285,300,439,812,863,
130,223,345,265,545,872,863,
115,194,433,276,456,800,866,
116,212,360,320,443,841,862,
108,177,302,275,502,877,860,
143,187,565,352,542,813,866,
128,174,483,292,520,831,856,
145,174,400,274,440,826,863,
134,186,351,286,485,802,870,
111,160,353,298,523,812,865,
118,180,393,289,513,776,866,
143,158,412,340,498,847,860,
137,163,376,292,498,842,850,
108,177,465,254,473,817,864,
140,187,422,296,475,829,863,
130,159,378,288,524,822,857,
131,182,319,331,583,840,862,
133,157,278,329,487,808,867,
119,206,344,383,476,843,861,
106,191,551,320,457,831,865,
144,232,458,288,545,881,869,
136,204,413,268,462,837,863,
103,171,379,283,496,769,861,
128,180,332,305,466,818,866,
124,154,393,257,499,869,864,
118,173,395,319,487,848,871,
106,189,459,299,485,805,865,
119,160,385,286,532,783,866,
119,178,321,273,457,892,868,
149,195,271,290,492,898,861,
128,166,226,244,487,835,868,
135,145,197,244,475,820,864,
142,156,553,431,512,810,861,
133,184,615,363,431,803,862,
141,217,508,301,527,818,870,
134,183,447,354,605,851,865,
105,181,432,296,509,840,865,
133,155,363,264,526,830,863,
148,172,330,248,510,798,865,
125,180,422,280,431,829,865,
101,178,354,246,472,766,865,
144,186,373,244,445,881,867,
160,215,761,357,550,858,866,
129,239,630,303,463,854,852,
121,202,522,300,508,828,865,
121,174,497,286,468,807,865,
121,153,723,354,499,839,868,
129,146,600,298,498,838,864,
119,211,744,279,447,886,858,
131,206,615,339,469,875,866,
125,200,584,338,436,857,865,
142,187,482,305,430,825,869,
131,163,591,339,518,786,868,
120,198,590,285,485,871,866,
127,167,529,309,471,887,863,
102,208,659,279,502,820,862,
122,234,548,356,520,863,867,
113,253,671,301,442,850,865,
142,216,623,313,519,834,856,
120,224,600,306,473,790,866,
134,192,571,260,476,808,865,
130,197,763,296,567,868,866,
119,191,678,267,484,832,867,
116,219,841,279,528,792,863,
147,190,699,305,565,881,864,
138,203,677,283,472,830,862,
125,188,688,245,593,834,868,
139,255,680,351,506,842,870,
139,237,758,338,561,848,867,
130,237,644,305,566,869,864,
130,204,585,323,505,865,864,
155,216,659,311,460,881,865,
110,183,693,311,513,764,866,
123,224,745,272,452,846,862,
128,246,719,295,487,771,864,
138,230,613,311,438,857,865,
127,192,512,308,431,913,865,
132,164,427,348,495,829,866,
110,146,357,341,430,860,867,
114,175,295,286,453,848,865,
129,167,249,246,484,818,865,
122,149,211,233,455,836,866,
137,131,241,261,542,796,864,
131,146,227,261,472,801,868,
115,168,221,305,436,870,855,
115,153,233,292,499,853,865,
133,158,199,304,493,827,863,
118,166,226,313,519,825,857,
137,140,250,274,539,827,863,
134,162,619,307,536,752,861,
132,176,691,313,450,855,860,
142,187,615,263,578,824,870,
126,199,541,361,482,833,865,
112,180,585,302,446,746,864,
118,178,563,267,463,862,867,
145,186,695,336,421,868,868,
110,205,588,307,449,838,868,
117,213,629,340,463,834,864,
138,189,524,286,430,853,867,
132,180,433,324,439,828,867,
121,176,438,328,550,790,861,
134,178,397,280,462,858,869,
105,157,443,255,444,788,865,
125,151,436,256,481,854,861,
124,171,363,318,453,863,866,
146,168,303,270,483,846,863,
136,144,256,315,473,870,864,
125,202,364,307,576,834,865,
143,180,364,351,706,817,860,
117,233,397,317,590,849,867,
135,198,333,303,633,825,864,
118,230,328,255,525,809,861,
133,196,486,264,522,798,863,
127,175,408,268,599,830,864,
126,177,339,268,575,867,864,
118,164,291,269,499,878,857,
119,251,426,336,538,820,868,
137,213,353,281,572,835,863,
132,193,377,299,648,849,866,
119,183,400,299,580,819,865,
114,171,334,301,485,868,865,
134,214,454,286,573,816,866,
117,205,430,364,477,832,866,
121,174,362,304,626,852,869,
132,163,301,312,536,832,865,
125,152,253,286,610,852,862,
114,161,339,327,618,859,867,
144,226,413,275,580,867,864,
136,192,408,312,685,812,864,
131,162,340,344,568,854,865,
111,161,491,286,473,781,863,
143,203,411,278,576,851,868,
137,188,434,341,539,856,867,
143,160,362,306,512,879,863,
131,208,361,352,488,817,867,
112,230,488,316,474,853,865,
115,208,415,276,637,849,865,
142,225,420,298,569,774,865,
129,192,351,347,502,916,856,
149,192,383,322,516,859,861,
134,167,320,318,489,815,863,
117,191,421,267,729,773,864,
113,194,350,256,604,837,868,
130,209,294,263,504,835,866,
117,191,249,321,552,821,862,
140,162,353,277,484,806,867,
114,171,298,336,481,863,855,
141,185,328,326,526,827,868,
130,301,443,328,489,879,862,
121,253,551,328,610,812,866,
128,213,491,275,548,850,864,
142,190,442,339,461,820,864,
150,162,373,313,458,855,861,
164,231,553,429,686,828,857,
131,194,463,405,579,853,870,
101,173,382,339,577,833,865,
134,149,337,281,579,847,867,
145,222,412,398,506,828,865,
134,237,407,404,671,820,864,
123,262,343,334,561,802,867,
139,281,403,286,528,841,866,
114,237,385,304,564,852,866,
131,198,319,288,716,845,868,
128,223,436,326,661,853,864,
149,273,399,321,598,823,866,
137,251,567,359,636,844,865,
116,214,473,339,532,916,868,
137,186,424,299,604,883,866,
125,244,483,315,573,846,855,
133,230,405,271,634,799,867,
142,255,336,251,531,847,861,
133,214,370,242,471,871,862,
138,182,312,283,517,830,867,
132,158,260,320,482,847,866,
122,178,221,348,419,861,864,
134,183,237,292,478,844,865,
132,176,219,272,516,828,864,
141,150,187,264,515,852,863,
140,131,235,264,445,825,859,
115,157,259,322,461,790,865,
118,190,231,274,445,855,868,
119,213,426,420,680,888,866,
117,221,520,409,564,823,867,
108,190,468,519,722,819,861,
118,163,446,429,599,854,867,
134,226,413,361,628,890,867,
135,240,347,429,597,881,865,
112,245,362,357,546,835,869,
120,210,301,409,606,809,868,
103,175,316,378,548,861,863,
124,164,367,318,689,811,866,
123,244,470,328,575,851,863,
151,277,527,448,634,899,867,
120,235,437,471,529,835,858,
131,198,398,395,592,863,867,
135,189,331,410,615,867,860,
126,190,365,487,587,847,861,
123,191,334,408,513,848,856,
126,189,332,338,541,842,867,
127,159,277,372,469,841,866,
121,148,231,311,511,866,865,
113,172,222,288,515,825,862,
133,148,264,307,536,809,868,
136,160,254,344,456,844,866,
123,139,232,319,536,882,863,
130,178,201,282,549,863,867,
133,152,209,257,506,886,866,
137,163,228,297,491,838,865,
113,144,220,350,503,833,867,
119,127,376,345,611,878,866,
134,179,312,340,577,816,867,
105,164,437,503,593,815,868,
113,242,418,416,531,838,870,
146,241,392,368,666,861,860,
133,238,387,345,674,809,863,
118,200,408,307,564,881,866,
104,173,341,317,636,879,868,
134,162,287,267,545,813,870,
145,194,358,399,488,866,867,
119,204,303,331,528,905,864,
115,186,390,419,527,844,863,
125,184,381,443,683,826,860,
125,212,412,368,631,852,866,
136,211,342,309,724,822,867,
138,220,402,371,603,848,868,
120,225,385,369,541,853,863,
127,188,416,340,652,815,853,
137,163,613,376,588,816,863,
107,196,510,373,562,884,864,
144,250,517,379,591,833,862,
138,218,533,462,731,847,867,
126,205,505,385,604,817,867,
130,199,418,406,679,875,867,
134,208,366,480,562,856,867,
129,205,607,402,523,792,864,
119,174,504,336,538,840,863,
140,189,422,280,499,776,858,
112,227,652,375,466,846,870,
114,276,543,542,572,883,866,
150,233,473,450,607,867,869,
137,198,425,400,848,845,852,
110,189,586,458,731,829,865,
133,172,483,390,635,884,866,
146,162,405,452,622,806,865,
116,160,415,379,568,848,867,
121,214,348,314,475,858,865,
130,180,291,267,504,824,866,
120,157,243,315,445,842,866,
116,133,213,319,531,844,856,
122,119,204,298,534,805,867,
123,183,204,263,454,826,867,
118,155,230,242,494,800,868,
143,141,233,251,522,853,868,
127,149,196,334,502,863,865,
126,167,189,282,477,791,869,
149,223,514,378,572,850,864,
126,189,479,325,557,855,868,
146,229,499,276,570,875,869,
124,196,448,349,609,835,863,
118,179,452,314,503,805,870,
114,184,380,366,565,835,864,
124,161,477,338,563,807,866,
108,149,410,286,571,815,865,
109,174,346,295,522,790,863,
126,208,604,345,564,879,865,
133,177,569,341,586,812,865,
121,151,473,325,551,869,869,
138,191,449,291,698,886,865,
119,214,433,348,580,793,856,
110,190,489,295,525,836,863,
151,196,406,293,538,863,860,
128,206,372,262,478,850,867,
122,173,416,304,473,890,867,
116,201,378,313,512,846,856,
131,222,513,316,586,822,865,
109,189,509,360,497,802,864,
121,194,451,416,570,847,866,
135,204,400,350,541,860,861,
139,243,460,311,470,822,862,
107,204,408,323,529,848,864,
128,175,417,294,471,848,868,
129,162,512,332,533,841,866,
127,162,426,287,582,823,867,
133,192,583,425,501,900,868,
153,199,523,355,608,903,864,
149,166,502,381,623,867,869,
111,195,421,316,582,856,858,
132,221,431,349,480,828,867,
126,188,360,292,556,824,861,
118,185,470,408,608,853,867,
108,203,399,338,511,839,860,
145,174,335,283,473,832,867,
130,160,435,286,658,864,864,
108,168,409,298,552,866,862,
142,200,375,493,486,803,867,
145,181,519,413,540,897,855,
144,205,433,343,580,841,864,
116,226,448,351,584,876,864,
134,205,398,374,531,788,866,
132,216,463,316,629,873,870,
128,186,431,318,554,861,866,
133,176,686,371,613,874,866,
114,227,919,423,719,866,867,
127,224,915,377,680,888,867,
124,229,985,327,656,856,862,
132,261,971,443,556,856,862,
145,222,1009,393,527,819,864,
130,201,959,403,720,802,867,
142,211,925,395,682,838,856,
145,225,968,349,626,846,867,
131,258,992,392,534,820,861,
120,263,1006,348,524,844,864,
110,220,936,304,551,821,858,
193,250,989,311,538,804,862,
146,244,987,397,460,868,865,
120,280,903,333,461,878,867,
121,237,918,393,630,822,865,
129,200,768,332,523,842,866,
125,171,637,281,448,822,867,
117,159,527,235,559,803,865,
111,207,452,336,504,840,866,
100,183,376,283,462,867,860,
119,180,382,297,490,840,865,
155,151,376,303,565,845,863,
112,176,463,255,475,783,865,
118,193,609,353,533,838,866,
115,187,648,356,510,854,865,
134,170,563,310,452,833,869,
127,152,465,418,514,856,868,
138,205,851,347,549,815,866,
129,277,989,365,465,798,866,
136,233,831,355,611,874,865,
115,198,693,321,532,803,863,
127,169,572,293,545,723,866,
133,170,487,341,462,782,865,
127,160,411,327,397,805,868,
104,162,425,276,452,777,865,
127,172,473,340,438,835,864,
108,253,779,349,459,836,868,
132,221,644,359,828,859,864,
139,190,604,304,687,809,867,
125,182,517,328,740,826,863,
113,201,591,288,810,793,866,
140,183,551,318,677,817,865,
120,184,631,294,567,878,865,
153,171,553,327,671,844,863,
132,149,595,380,666,834,852,
120,195,577,344,604,895,866,
99,256,725,333,635,847,864,
165,218,602,374,757,883,862,
123,233,651,323,625,779,867,
114,208,686,344,743,832,865,
119,185,676,394,734,856,867,
134,223,793,422,613,827,861,
120,242,926,352,573,817,868,
124,203,771,320,618,761,864,
118,183,768,348,674,815,867,
124,188,637,289,725,774,868,
129,190,585,349,602,803,863,
137,177,489,349,599,833,865,
135,203,452,297,590,865,854,
121,174,395,321,744,854,865,
113,191,401,332,614,820,863,
129,165,446,332,613,835,861,
127,160,411,299,602,821,864,
129,210,447,354,655,806,861,
141,187,374,299,678,822,864,
123,161,326,258,657,775,861,
117,175,550,313,745,858,865,
139,168,529,287,679,797,870,
135,156,438,311,567,821,867,
124,177,442,330,887,816,860,
131,149,366,306,736,862,859,
110,170,476,343,611,888,864,
133,151,509,342,645,804,871,
134,249,828,454,536,828,866,
129,208,689,455,519,836,861,
110,179,570,383,501,886,865,
141,182,556,394,612,848,866,
128,169,592,330,515,872,867,
123,231,551,373,662,905,867,
124,236,649,369,700,831,862,
135,202,538,313,590,857,857,
127,218,521,302,634,876,866,
120,194,566,379,567,886,864,
131,213,684,317,471,801,867,
118,220,743,269,572,880,868,
135,206,616,283,535,883,863,
131,195,511,344,544,812,868,
142,170,437,298,474,844,863,
115,178,524,279,452,865,863,
128,204,436,317,458,799,866,
126,208,403,298,514,831,862,
138,174,338,321,463,860,867,
115,187,577,373,487,824,864,
110,211,529,310,503,835,869,
116,177,467,267,525,822,869,
142,192,392,286,496,813,863,
131,206,329,296,481,834,864,
135,199,493,348,402,846,863,
115,183,446,331,515,859,864,
130,193,416,284,535,828,866,
169,215,392,363,576,875,862,
141,215,659,339,648,809,868,
146,232,739,402,748,785,867,
123,229,950,382,807,854,870,
154,193,795,348,670,814,863,
141,211,947,324,623,848,865,
144,179,906,398,650,872,869,
129,174,793,380,676,859,861,
115,161,922,319,559,870,866,
130,214,970,335,806,819,867,
133,181,817,302,669,859,861,
148,198,714,336,775,818,861,
128,224,813,339,705,831,866,
107,189,879,352,621,837,865,
118,196,751,391,617,870,864,
145,234,945,438,657,837,870,
124,256,789,366,903,841,868,
118,237,923,345,749,841,857,
150,201,817,352,621,798,861,
121,190,837,346,521,797,868,
115,262,721,362,538,846,868,
117,223,598,301,679,860,866,
135,247,918,390,711,835,866,
133,280,996,372,593,785,865,
143,354,842,395,490,839,868,
172,380,1006,328,429,863,864,
144,319,900,360,629,825,868,
130,328,842,339,554,845,863,
136,288,929,395,600,828,870,
138,240,869,335,509,799,862,
127,204,725,304,604,881,866,
127,217,599,325,544,847,865,
119,222,552,410,718,841,862,
117,210,495,366,594,817,864,
139,210,481,420,577,881,861,
139,256,403,354,642,866,860,
127,219,573,373,745,776,870,
132,214,661,316,619,868,863,
112,272,554,321,657,855,869,
141,229,461,319,548,877,864,
153,230,508,321,451,899,859,
170,264,779,293,541,865,864,
145,225,922,384,490,831,863,
139,189,768,323,483,859,868,
116,200,638,337,500,863,862,
114,211,533,312,614,806,865,
144,212,591,359,575,816,868,
151,218,493,382,626,912,865,
106,186,409,423,565,880,869,
145,196,424,356,619,838,859,
132,195,481,387,544,834,867,
119,221,398,402,478,860,864,
137,223,409,348,668,841,865,
120,275,415,308,552,884,869,
109,234,372,411,469,846,862,
126,197,391,368,607,844,865,
138,167,327,370,506,857,865,
118,264,472,333,707,866,865,
119,220,394,328,705,862,868,
121,196,378,304,623,818,865,
122,226,432,312,572,813,864,
125,194,421,360,641,844,863,
152,281,349,321,569,873,867,
147,249,426,277,484,845,868,
131,242,501,286,556,778,866,
116,204,420,243,463,818,863,
126,174,349,265,482,891,866,
134,197,291,303,421,906,864,
144,174,248,298,405,893,869,
126,190,208,307,479,845,865,
132,159,201,281,467,867,863,
126,163,213,258,447,856,863,
116,178,236,271,477,848,864,
124,151,259,268,538,826,866,
151,138,255,311,456,826,863,
142,236,576,359,707,867,864,
114,202,499,418,589,809,868,
108,190,415,428,654,880,869,
144,171,595,463,635,846,862,
136,236,495,419,639,824,866,
119,204,410,441,537,822,864,
111,218,482,376,709,836,864,
133,182,401,383,588,855,867,
117,158,348,341,541,795,861,
150,255,423,317,549,843,869,
149,223,623,405,591,798,863,
123,205,624,460,605,837,863,
116,176,515,418,657,863,865,
131,148,446,390,575,856,865,
120,197,569,427,519,792,860,
149,250,472,468,602,813,863,
135,209,394,393,616,834,869,
112,202,494,411,557,837,867,
128,171,413,342,476,885,867,
137,150,344,291,477,792,867,
135,196,287,320,493,858,865,
143,193,310,273,461,855,868,
130,179,258,235,478,823,865,
130,152,220,300,421,850,868,
122,159,224,331,410,800,865,
108,169,204,342,473,827,865,
132,164,226,288,569,813,865,
122,167,420,262,472,814,857,
116,184,544,316,645,894,861,
123,162,450,348,544,851,867,
119,229,543,469,496,860,865,
135,192,449,394,616,827,867,
121,270,539,474,512,851,865,
112,225,449,396,602,888,867,
105,192,464,333,573,874,867,
139,180,399,323,653,836,866,
122,199,445,276,545,811,865,
112,197,515,336,643,808,867,
112,169,459,383,566,789,867,
106,201,531,318,538,820,864,
115,201,486,380,610,800,864,
132,226,505,388,508,812,864,
100,191,550,377,487,821,868,
114,253,575,314,655,840,862,
132,222,480,335,545,853,866,
136,187,407,289,562,853,864,
142,169,607,359,600,845,869,
134,227,543,366,500,870,869,
119,237,528,367,682,835,861,
103,203,479,378,566,870,864,
150,172,455,400,530,881,868,
128,197,474,429,520,856,865,
118,201,519,434,516,838,864,
150,193,468,365,556,809,870,
147,197,562,399,573,892,864,
128,167,464,336,514,828,871,
117,167,441,298,603,765,857,
121,254,518,508,559,943,867,
134,215,592,420,581,845,866,
108,192,578,462,650,865,865,
134,244,569,396,541,903,866,
141,208,504,424,623,900,868,
113,201,584,405,516,844,868,
121,171,482,339,528,836,865,
127,189,404,284,539,841,864,
115,179,337,275,521,772,868,
127,153,284,261,521,777,869,
107,178,239,275,481,843,869,
141,156,213,260,502,842,859,
146,148,212,314,470,865,866,
122,171,284,325,486,806,866,
116,195,241,269,497,880,862,
118,165,375,249,484,846,865,
128,205,420,562,495,831,865,
136,240,627,466,598,838,864,
160,201,625,399,511,822,866,
122,194,622,391,592,890,865,
127,213,516,429,596,867,864,
151,193,553,449,510,832,866,
142,219,593,378,532,810,868,
110,189,490,316,520,812,865,
135,162,411,283,565,830,863,
133,182,342,339,479,845,868,
127,256,763,291,521,821,867,
112,214,633,329,594,843,867,
130,252,596,345,658,881,867,
130,215,614,344,544,780,862,
126,181,663,401,531,850,867,
137,210,674,384,512,827,862,
130,179,560,334,632,793,864,
127,183,657,340,530,822,865,
123,191,548,392,528,883,862,
139,200,482,329,519,816,866,
111,192,601,319,570,848,867,
124,193,500,283,554,874,867,
157,211,415,335,549,814,869,
133,189,546,397,537,837,863,
119,214,519,354,558,845,870,
139,234,569,396,545,794,866,
132,195,476,340,497,810,864,
112,208,492,344,534,905,868,
140,174,409,332,567,834,862,
147,187,405,340,722,886,863,
106,163,346,389,601,848,866,
114,165,719,433,603,813,868,
130,166,595,436,644,861,868,
111,202,562,363,536,800,861,
115,176,763,326,566,769,868,
99,188,635,319,531,850,868,
130,161,567,382,668,753,867,
110,187,486,321,552,852,864,
143,262,457,327,490,852,863,
140,222,650,345,574,898,868,
127,188,663,290,473,818,866,
113,177,621,364,631,854,866,
131,230,583,373,525,903,864,
140,212,597,408,537,838,867,
138,216,546,340,664,850,865,
117,223,467,314,551,805,868,
137,188,404,340,533,817,863,
130,195,748,358,759,920,868,
152,261,896,448,787,854,869,
134,223,974,371,753,793,865,
137,260,1006,374,773,818,867,
126,249,902,336,647,827,864,
138,229,869,331,634,832,865,
146,227,972,353,570,861,863,
123,191,901,348,546,837,866,
133,210,964,387,604,833,862,
137,243,988,404,673,837,864,
134,272,1011,339,564,841,859,
136,262,979,325,608,811,861,
147,261,976,311,549,908,868,
123,240,995,365,480,838,864,
148,261,895,397,456,890,860,
117,238,946,342,512,861,868,
128,229,792,370,568,851,862,
120,191,658,324,503,843,863,
131,171,543,277,560,795,868,
124,165,455,305,516,830,866,
140,200,487,286,583,816,867,
123,208,509,366,516,850,861,
118,178,494,308,496,853,867,
137,182,562,329,572,832,866,
129,183,531,340,487,855,866,
139,186,553,301,487,846,863,
112,215,622,308,508,831,866,
129,179,538,393,433,854,862,
152,224,780,329,535,795,858,
145,242,1001,461,550,831,865,
130,217,849,387,595,796,870,
129,185,701,337,497,848,863,
132,177,647,310,435,852,866,
119,204,539,338,484,864,867,
110,175,446,286,531,821,865,
152,199,477,320,543,848,868,
134,172,435,382,467,857,863,
117,203,870,468,527,866,868,
127,194,722,389,841,830,866,
104,184,826,414,698,844,867,
121,171,685,351,681,814,866,
154,226,694,334,627,839,863,
128,189,769,283,758,842,869,
146,187,637,415,771,781,853,
119,170,707,470,697,835,857,
133,146,609,402,661,828,863,
110,198,770,568,581,872,862,
123,214,964,473,665,919,866,
138,227,809,394,627,830,864,
129,193,788,367,520,792,870,
144,214,651,304,608,855,865,
109,237,869,304,613,796,864,
132,220,722,397,513,852,867,
144,211,762,384,668,831,864,
126,176,840,339,654,828,867,
126,208,942,394,700,816,865,
127,182,789,365,675,846,864,
156,205,654,367,669,807,867,
125,175,574,419,560,869,862,
117,161,743,350,708,822,866,
124,175,622,358,694,884,866,
147,185,581,401,581,811,867,
123,181,697,332,671,837,865,
122,179,787,409,555,842,857,
125,211,653,379,724,817,868,
143,181,539,351,613,837,867,
124,153,451,312,719,860,866,
109,173,470,293,621,888,861,
99,205,659,327,584,842,865,
146,214,643,325,503,842,861,
132,184,536,343,665,832,864,
105,155,446,440,560,811,869,
120,181,490,367,684,806,869,
132,170,448,320,769,832,861,
129,228,701,316,635,827,867,
95,218,582,401,572,818,859,
146,184,513,334,566,886,866,
117,179,734,280,633,824,862,
112,192,829,338,523,836,861,
133,191,685,326,472,835,862,
155,253,660,378,518,769,866,
132,227,751,416,476,836,863,
115,195,694,345,582,826,863,
137,221,612,329,518,816,867,
118,194,688,325,460,840,859,
129,199,853,337,515,882,859,
120,168,710,335,534,904,866,
140,157,588,319,525,832,856,
117,214,486,369,561,820,865,
144,185,539,308,473,806,867,
114,183,538,355,478,833,865,
121,154,516,300,536,802,865,
130,157,428,292,457,838,860,
144,198,681,353,529,832,864,
128,189,564,334,498,776,865,
120,206,553,339,500,843,864,
113,174,461,285,637,833,867,
116,152,382,347,532,831,866,
121,198,507,294,568,822,859,
106,174,422,290,509,842,867,
102,177,496,302,491,808,862,
121,219,447,356,476,872,868,
137,198,374,304,609,837,869,
120,186,710,366,846,844,862,
112,242,925,339,801,856,866,
113,207,924,297,665,769,860,
181,176,780,378,599,793,864,
127,161,978,359,605,843,865,
124,176,886,394,588,821,864,
132,220,896,499,597,872,866,
149,287,984,413,652,880,867,
121,242,857,384,540,845,869,
110,205,708,323,862,819,862,
149,226,887,360,716,811,860,
115,191,897,328,724,814,865,
143,191,744,329,649,893,865,
135,210,872,326,619,778,866,
136,238,917,410,514,799,869,
117,246,980,400,500,826,864,
112,205,827,338,720,874,869,
134,198,812,284,602,832,869,
139,218,733,326,593,845,863,
144,188,608,276,544,814,860,
131,290,854,366,594,851,864,
161,244,916,313,607,812,870,
141,277,859,366,549,808,867,
145,334,930,384,556,835,865,
132,278,852,328,582,855,868,
164,263,950,337,488,862,867,
151,342,989,337,509,853,864,
125,300,973,398,524,770,851,
114,251,819,334,494,860,867,
130,213,676,327,475,840,865,
125,182,561,355,463,862,862,
124,160,466,300,502,816,865,
127,172,388,275,430,860,865,
112,161,327,301,499,841,866,
126,166,274,316,450,848,868,
131,152,229,289,529,853,864,
133,206,202,335,516,805,868,
110,177,247,307,549,856,865,
118,152,209,255,523,868,863,
134,131,235,345,462,821,865,
132,175,232,287,441,823,868,
114,147,241,272,554,837,867,
125,129,286,266,476,832,863,
131,145,244,292,404,860,866,
123,129,237,298,528,803,867,
360,741,697,389,722,821,870,
547,1023,622,427,717,883,859,
753,962,516,355,702,902,870,
906,845,430,332,585,805,858,
960,698,550,399,614,823,862,
739,730,454,338,559,852,868,
551,606,382,304,549,911,863,
556,502,528,352,668,878,869,
409,439,446,468,563,853,866,
291,509,375,503,671,890,867,
239,582,318,421,561,880,869,
536,723,272,494,472,843,864,
515,596,385,571,473,846,863,
481,495,319,605,477,836,869,
351,415,341,499,823,786,863,
346,346,292,417,702,880,863,
319,288,323,416,590,828,868,
220,330,351,348,595,808,860,
149,273,390,337,502,867,866,
185,377,449,345,653,820,867,
228,313,480,389,714,868,864,
208,396,481,427,595,815,863,
167,331,446,359,667,799,856,
185,376,487,304,626,829,863,
187,317,479,353,673,868,864,
199,461,614,392,564,857,868,
213,394,506,332,498,891,865,
159,442,513,388,621,843,868,
204,368,427,387,628,872,861,
171,426,420,384,658,832,867,
162,393,411,324,579,941,863,
217,519,554,364,852,859,866,
251,428,461,668,705,826,864,
191,467,399,558,587,893,864,
224,391,450,460,648,908,863,
181,432,374,385,758,864,867,
166,363,559,329,631,856,865,
209,461,467,373,626,806,865,
265,383,386,323,563,853,868,
235,322,345,325,775,874,861,
323,267,289,337,670,850,863,
263,260,242,356,656,856,865,
179,222,526,387,753,890,865,
112,187,436,324,632,828,868,
160,173,367,328,621,885,867,
154,151,323,355,579,852,862,
120,182,328,303,686,842,867,
118,212,493,360,617,892,864,
133,206,537,343,572,846,861,
140,183,446,287,711,795,861,
128,225,458,315,610,841,866,
113,253,405,340,514,826,867,
142,219,478,289,583,844,867,
142,211,411,300,576,784,864,
118,207,518,320,656,827,868,
100,198,440,299,600,833,857,
95,249,447,324,533,863,869,
143,214,438,350,505,814,862,
132,226,440,350,518,812,865,
117,202,456,295,578,853,865,
151,188,433,287,589,881,860,
114,219,583,313,524,827,864,
112,217,484,268,443,807,860,
147,186,406,284,488,884,863,
125,203,398,328,432,882,866,
148,266,643,425,704,858,866,
136,223,536,374,772,859,868,
149,223,443,310,719,872,860,
126,188,369,280,797,796,863,
134,166,383,331,660,901,867,
141,227,477,313,663,914,858,
133,208,409,304,655,876,867,
126,180,341,362,694,878,865,
133,183,288,322,764,880,865,
335,725,747,344,632,812,865,
554,1023,622,287,609,868,865,
777,895,516,339,502,864,867,
902,888,565,309,463,826,868,
949,741,473,343,477,816,866,
728,611,544,335,427,798,867,
543,507,450,288,550,824,861,
398,538,519,410,487,836,867,
350,444,588,428,497,818,865,
319,387,757,425,479,901,868,
246,325,755,354,548,764,867,
237,603,624,434,479,858,867,
367,545,518,396,500,885,853,
259,450,593,403,447,839,864,
273,375,498,357,498,815,866,
191,475,624,363,536,830,864,
362,393,681,394,516,888,864,
295,375,601,329,436,873,868,
203,340,582,342,500,847,865,
179,407,515,324,633,804,859,
217,343,619,318,532,859,861,
209,478,644,396,516,848,866,
172,395,565,408,466,817,870,
153,527,774,423,783,779,866,
205,435,709,411,648,852,869,
136,369,586,369,541,848,866,
152,387,674,396,449,870,866,
194,473,558,331,476,830,867,
254,462,834,341,515,933,864,
203,505,693,356,475,857,864,
242,423,575,377,453,849,865,
215,459,612,319,611,828,866,
185,387,643,397,561,848,870,
217,480,622,341,538,792,866,
211,397,669,376,661,821,869,
178,421,601,311,553,844,865,
212,362,678,372,541,826,867,
143,430,678,392,604,812,865,
232,386,774,325,570,902,861,
321,321,644,341,623,771,863,
227,270,567,299,611,834,863,
149,228,470,338,511,849,862,
158,219,603,341,509,872,865,
171,209,573,307,546,903,861,
141,176,477,285,600,832,862,
85,178,516,283,598,864,865,
157,155,451,272,498,761,867,
156,196,704,344,540,890,862,
156,190,581,331,518,816,857,
124,179,481,314,467,852,863,
153,210,404,277,549,797,866,
162,179,473,401,511,857,868,
136,193,396,334,623,866,868,
125,199,443,305,518,830,866,
100,195,397,375,447,846,867,
135,184,396,366,466,786,867,
127,188,459,365,440,844,865,
126,169,383,303,469,876,864,
137,213,357,361,478,837,863,
140,183,502,304,493,798,865,
153,180,420,304,487,810,870,
130,153,435,261,449,815,867,
143,148,371,231,495,854,865,
131,187,428,293,421,876,862,
127,184,381,267,472,837,864,
123,214,499,347,469,814,864,
119,185,535,293,423,785,862,
114,177,594,314,579,853,863,
118,203,566,338,485,851,869,
123,176,470,322,466,858,864,
129,165,395,299,392,866,864,
115,185,327,264,477,851,866,
123,158,288,273,478,790,862,
115,147,335,277,485,842,865,
352,681,698,274,566,799,866,
610,1023,678,323,525,876,864,
732,950,559,291,514,876,866,
889,793,557,295,431,854,869,
1007,719,461,299,494,780,865,
951,618,604,288,477,890,871,
919,516,797,363,489,791,868,
908,463,664,329,511,855,866,
1021,752,630,382,452,836,859,
967,625,583,367,546,871,862,
922,519,487,311,455,832,868,
779,441,403,271,461,768,867,
851,368,339,281,420,861,862,
761,305,285,313,485,882,860,
570,629,527,281,576,871,865,
723,1001,452,274,546,895,864,
608,919,629,284,472,844,868,
940,764,524,349,513,789,864,
783,633,647,338,528,799,866,
586,818,771,338,590,870,867,
790,680,828,310,501,892,863,
906,563,688,292,471,853,867,
923,779,876,329,455,862,863,
965,645,726,315,549,858,864,
933,535,604,323,504,818,867,
712,444,502,273,524,856,868,
533,372,418,302,543,817,867,
390,309,350,334,570,862,863,
442,748,525,288,553,789,864,
721,992,464,364,556,891,870,
1016,880,520,309,553,917,864,
966,734,455,345,464,837,867,
750,628,419,312,542,851,867,
713,564,437,387,452,837,867,
858,644,497,327,582,826,869,
903,673,829,298,514,830,864,
924,795,915,255,447,857,869,
1017,674,885,357,487,887,871,
965,758,783,301,466,835,864,
934,630,651,408,542,873,867,
934,879,578,358,598,886,867,
957,731,480,312,498,860,863,
910,605,425,372,436,888,868,
848,591,631,366,495,904,863,
1004,813,840,313,467,763,866,
968,673,761,353,562,867,859,
897,752,803,397,523,908,867,
925,757,972,344,450,874,869,
1018,791,943,295,495,806,868,
970,658,998,324,528,926,866,
933,578,996,352,523,909,869,
930,563,981,450,549,922,863,
1004,609,937,379,490,792,859,
966,540,779,336,449,883,870,
936,465,804,280,490,938,868,
930,538,669,322,500,873,868,
1019,578,722,327,441,867,864,
962,478,762,358,569,791,868,
828,401,818,313,522,874,869,
702,332,693,304,615,849,865,
811,279,821,265,542,871,868,
739,238,886,276,509,798,867,
596,268,928,326,488,874,865,
448,253,794,297,522,883,864,
428,229,736,317,488,808,862,
370,206,882,271,471,826,867,
260,176,826,329,644,843,866,
179,194,899,338,536,832,867,
262,201,831,378,501,804,855,
214,170,692,387,497,868,867,
141,227,802,357,502,855,866,
123,220,664,344,425,861,867,
179,184,553,294,422,801,864,
144,160,457,324,523,767,865,
320,667,508,310,488,833,865,
514,1022,421,263,541,906,867,
657,945,355,350,547,895,853,
988,789,295,294,457,753,858,
963,655,336,287,462,802,863,
741,648,540,358,493,852,866,
556,602,494,297,594,832,866,
524,699,435,299,498,847,867,
691,578,446,267,453,896,866,
893,482,402,243,423,853,868,
1021,656,700,299,546,875,867,
965,544,613,310,457,856,848,
743,453,603,310,433,865,862,
552,376,565,406,578,872,868,
516,315,596,385,500,824,865,
512,266,651,323,501,873,864,
390,258,597,290,505,874,865,
280,221,626,322,471,818,867,
295,196,523,271,527,805,868,
253,179,533,351,524,853,869,
172,173,559,314,501,816,870,
106,171,486,314,464,880,869,
177,156,411,281,485,834,863,
148,178,529,327,523,868,862,
115,157,436,276,441,784,861,
116,193,367,277,504,882,867,
143,165,306,306,526,857,868,
110,153,293,333,565,836,867,
644,790,505,370,696,929,866,
612,1008,418,338,576,872,868,
1015,861,489,311,607,886,870,
962,714,408,355,542,860,857,
736,590,377,299,449,869,867,
551,492,392,279,476,829,869,
401,449,448,236,525,890,863,
440,373,489,307,442,830,868,
412,387,409,323,474,848,864,
402,498,742,405,532,786,865,
433,736,614,338,484,830,864,
310,610,540,281,551,805,865,
357,592,548,348,536,893,859,
581,598,507,292,490,854,857,
728,512,533,340,609,855,866,
692,569,629,288,631,830,867,
543,550,627,342,554,830,862,
551,455,519,395,551,858,869,
566,556,497,400,504,915,866,
548,591,431,356,517,906,868,
444,491,525,335,552,878,864,
457,602,544,300,495,821,866,
903,503,486,258,500,887,863,
810,416,477,338,568,840,865,
610,348,439,290,508,853,864,
450,294,477,323,506,842,868,
322,246,405,278,549,819,867,
314,209,524,279,615,828,865,
639,861,684,330,611,966,861,
889,992,568,303,513,869,865,
927,834,587,336,602,837,867,
906,696,488,399,535,856,863,
687,634,649,333,520,861,868,
511,642,589,315,519,845,857,
774,535,721,306,530,835,861,
896,442,605,355,614,816,864,
908,548,648,417,520,832,865,
927,602,721,349,434,809,851,
965,687,649,355,565,869,861,
935,675,642,410,504,900,866,
930,556,608,344,517,948,866,
932,591,729,348,540,860,866,
974,590,997,303,451,890,866,
951,563,842,278,488,908,867,
933,481,890,311,499,865,868,
932,653,802,314,443,806,867,
968,647,665,506,662,893,863,
934,748,551,483,658,926,868,
924,831,478,491,702,877,869,
940,801,399,406,586,881,851,
964,663,335,364,489,861,871,
741,550,279,400,610,856,864,
552,456,246,355,609,848,867,
571,384,321,409,560,905,869,
525,378,364,416,563,831,866,
385,314,314,400,540,866,864,
304,287,296,372,557,845,864,
352,256,307,378,613,839,862,
284,216,272,365,577,856,854,
338,215,425,303,484,882,864,
306,303,923,399,757,903,863,
340,258,890,531,651,915,862,
278,218,743,443,597,878,866,
194,183,612,370,583,865,864,
124,188,511,431,489,804,858,
177,256,501,364,755,798,869,
165,218,532,477,627,827,864,
135,185,446,400,697,804,868,
106,159,470,416,614,876,863,
126,206,553,371,578,881,864,
132,183,459,546,646,822,870,
143,229,383,454,635,781,868,
130,228,398,376,599,853,868,
123,236,546,422,539,833,868,
625,768,456,351,660,857,862,
583,1015,437,324,708,834,867,
1017,864,393,327,760,837,865,
957,718,348,376,789,852,869,
736,596,295,321,673,919,868,
550,644,403,373,651,858,864,
404,534,335,321,563,847,867,
387,468,283,281,699,790,861,
404,389,390,359,609,826,866,
328,485,446,698,692,846,863,
445,402,417,582,667,894,866,
622,338,346,482,592,754,862,
612,283,290,399,660,830,867,
482,237,400,842,607,888,865,
396,562,594,696,669,848,864,
435,467,523,579,655,883,869,
404,426,497,481,888,840,864,
466,518,471,400,795,839,863,
530,469,526,910,657,885,865,
626,575,445,758,625,833,864,
561,653,550,626,581,783,867,
507,540,519,522,659,837,869,
575,488,573,432,591,814,867,
604,567,590,366,506,860,865,
537,552,782,330,499,873,868,
418,575,777,302,528,864,865,
391,609,688,431,605,847,864,
453,550,878,861,667,796,861,
721,533,732,715,551,838,863,
668,558,736,596,492,898,869,
544,514,754,492,481,903,865,
507,563,623,415,435,842,867,
507,565,524,344,477,852,865,
550,466,790,407,580,850,867,
481,530,653,341,488,842,866,
424,618,544,322,473,867,865,
433,514,449,312,566,845,867,
885,587,375,380,703,858,862,
863,485,315,332,731,833,867,
697,404,264,293,611,858,862,
517,337,224,322,675,855,870,
380,285,310,537,637,886,866,
301,240,403,447,693,829,866,
219,200,334,374,640,818,864,
145,173,282,316,584,774,869,
251,178,235,356,558,860,864,
369,594,697,424,505,918,864,
531,1022,582,441,516,884,867,
687,926,483,372,451,827,866,
991,769,415,326,447,837,862,
956,640,449,444,572,730,866,
734,530,381,380,478,805,865,
546,440,365,327,467,840,861,
399,368,441,332,453,876,862,
287,361,451,287,432,836,861,
196,309,373,394,462,844,865,
399,347,453,329,427,863,868,
388,290,472,311,503,832,864,
273,264,442,292,496,855,861,
279,233,369,355,464,848,870,
297,201,310,374,500,826,863,
327,167,385,320,492,854,862,
237,187,392,359,444,834,866,
159,196,467,300,459,824,864,
126,212,387,282,442,842,864,
175,265,571,385,538,817,864,
150,222,474,331,483,845,870,
112,190,393,323,432,855,856,
137,160,385,384,540,824,867,
145,162,321,324,544,843,866,
147,189,390,358,499,781,864,
125,211,392,303,433,877,866,
111,212,600,257,546,794,864,
121,225,499,340,454,855,864,
597,830,437,338,606,868,864,
587,1020,432,310,531,900,867,
999,870,570,285,579,943,867,
949,720,475,371,555,940,861,
730,597,397,368,582,949,861,
542,609,630,381,549,879,864,
462,643,521,344,458,812,866,
604,555,527,286,529,823,866,
649,460,442,286,550,858,865,
896,386,786,403,666,857,863,
899,595,656,336,628,828,865,
907,636,672,417,520,914,868,
926,604,758,349,589,864,864,
1005,552,702,295,628,857,860,
965,481,683,348,535,889,864,
934,458,567,342,521,974,866,
933,514,709,311,485,894,868,
976,466,712,272,514,804,855,
954,534,590,394,447,884,871,
933,596,736,452,469,913,870,
931,548,881,378,554,778,868,
981,563,785,387,464,858,861,
952,601,709,329,473,896,866,
935,586,748,306,472,890,868,
931,614,790,371,403,881,865,
976,544,752,315,589,827,867,
954,536,620,318,495,932,868,
931,540,765,417,484,926,868,
933,597,715,350,470,846,859,
967,582,951,374,528,903,859,
950,625,798,367,480,966,869,
931,518,798,316,485,894,871,
930,598,887,273,433,909,863,
968,496,739,388,555,888,862,
946,592,905,328,572,942,866,
934,593,756,282,591,921,868,
932,700,959,382,495,801,869,
967,613,806,316,455,952,865,
912,505,668,340,506,860,867,
830,421,553,323,488,859,857,
740,354,462,279,419,832,864,
748,294,383,245,583,821,865,
708,250,391,326,491,831,866,
552,209,380,276,499,910,864,
509,204,319,307,428,904,864,
494,195,267,267,494,847,865,
416,645,498,340,493,884,864,
476,1006,505,283,542,852,865,
620,949,573,242,493,847,857,
980,794,475,290,508,867,865,
940,719,609,308,453,805,863,
759,596,810,316,452,859,866,
904,491,696,310,511,891,867,
907,538,738,394,434,848,864,
1010,550,743,332,427,843,855,
965,671,721,351,513,877,863,
903,556,601,297,574,842,863,
753,460,500,261,546,848,868,
681,383,414,327,462,869,861,
532,319,348,284,500,811,866,
417,782,529,319,426,825,860,
603,975,478,321,490,883,867,
1020,861,495,294,449,860,861,
965,715,444,333,451,785,865,
745,596,371,279,447,825,866,
557,745,667,280,534,863,867,
756,632,550,309,550,900,857,
903,553,810,292,509,841,867,
1002,686,791,293,468,866,863,
966,572,653,312,548,823,859,
919,477,545,317,456,872,864,
701,398,453,266,543,781,865,
564,330,379,311,455,827,865,
415,277,482,313,534,830,865,
448,629,474,310,601,841,862,
661,1013,508,346,505,865,863,
954,857,583,291,539,861,869,
939,712,610,288,500,904,865,
759,590,573,332,506,833,857,
701,651,619,289,525,832,867,
811,750,628,364,521,846,867,
866,622,650,371,502,882,866,
922,669,844,316,512,871,869,
966,747,698,263,493,821,862,
739,772,704,304,464,858,867,
573,639,582,385,462,881,862,
887,666,676,362,505,900,863,
925,589,790,307,516,865,868,
964,529,964,300,482,846,862,
931,481,964,354,456,784,868,
918,527,948,305,563,850,867,
925,558,946,346,505,819,863,
1009,647,872,316,618,846,863,
963,592,881,349,512,886,870,
935,784,839,300,529,914,868,
927,651,702,252,513,845,861,
978,636,660,411,524,910,868,
954,586,563,368,443,929,865,
930,529,485,308,559,907,869,
932,616,463,292,472,880,867,
967,537,405,303,439,820,864,
954,556,613,295,472,936,864,
931,598,755,274,598,909,867,
919,495,636,242,500,823,867,
936,415,765,300,508,877,860,
736,344,738,261,519,837,861,
587,288,782,256,495,844,864,
545,245,768,254,485,888,864,
598,205,742,260,555,770,863,
482,203,790,344,465,792,865,
350,221,794,302,534,835,866,
314,238,709,304,593,845,863,
271,202,680,290,506,847,862,
194,184,780,277,505,825,869,
124,230,695,296,517,853,867,
194,232,794,413,454,875,868,
192,217,771,343,488,832,865,
155,183,641,287,556,873,865,
98,179,532,296,504,765,866,
173,155,441,364,438,852,861,
128,140,370,303,489,827,864,
124,167,307,291,412,840,864,
123,160,259,243,580,819,865,
132,137,273,264,513,846,867,
144,164,235,309,494,812,865,
120,146,232,337,497,850,866,
142,179,222,283,516,844,870,
134,161,218,291,478,846,865,
127,138,200,261,428,815,867,
103,228,276,352,436,807,867,
120,195,530,292,540,835,862,
125,209,594,258,568,823,866,
133,240,541,257,474,920,866,
124,201,557,618,558,814,865,
152,177,652,676,466,775,866,
130,188,591,560,565,824,859,
126,192,647,468,575,825,867,
121,229,591,389,514,832,866,
142,192,612,325,473,814,866,
97,207,531,292,529,803,867,
163,180,441,338,510,857,870,
135,181,421,346,480,866,863,
113,165,516,330,484,837,855,
111,212,532,348,492,815,867,
121,198,453,289,498,787,859,
131,169,374,249,505,757,864,
123,159,317,287,449,830,864,
108,162,271,506,477,934,869,
175,189,339,418,570,879,862,
125,272,383,352,565,840,867,
166,231,400,295,533,836,862,
118,194,369,267,635,821,869,
132,191,398,265,581,880,860,
122,166,333,289,486,839,862,
109,225,290,268,475,827,867,
124,229,343,307,601,806,865,
114,191,472,269,496,835,866,
128,219,391,320,550,841,870,
112,194,450,309,465,832,863,
119,182,399,331,612,906,864,
127,223,392,326,542,858,867,
110,190,331,319,460,828,868,
118,185,455,366,567,819,864,
122,181,395,337,602,821,859,
118,158,364,285,653,886,855,
122,191,354,275,543,850,862,
141,187,295,325,491,800,867,
147,190,414,530,588,817,868,
134,271,536,455,673,800,867,
97,227,466,387,687,831,864,
140,194,391,325,572,834,862,
130,216,435,306,615,858,864,
124,190,401,358,514,878,864,
132,182,403,306,501,840,867,
117,160,391,302,576,849,867,
125,161,349,253,503,812,865,
129,242,505,303,565,774,867,
161,203,418,313,585,833,867,
141,189,494,342,495,853,866,
113,161,412,346,501,821,865,
116,244,455,567,650,871,864,
153,204,399,473,541,829,867,
137,212,438,394,495,860,860,
114,179,366,400,515,865,864,
116,152,333,345,452,834,864,
128,194,280,347,601,844,862,
117,175,312,308,522,828,870,
132,190,262,332,459,816,865,
102,241,332,311,428,842,865,
120,287,495,261,498,843,862,
118,240,506,306,522,799,867,
140,236,420,352,495,842,869,
136,239,401,293,518,844,866,
125,203,348,248,539,815,866,
322,617,678,383,639,882,868,
568,1005,563,379,556,883,869,
654,949,497,379,497,843,870,
966,795,694,361,574,822,862,
950,656,612,373,515,881,862,
732,576,587,506,721,888,864,
543,548,626,430,598,800,867,
418,453,517,396,616,877,863,
303,428,529,487,516,856,866,
217,587,442,549,650,844,867,
352,519,527,561,612,880,864,
488,542,440,468,624,824,865,
448,453,592,506,663,816,869,
418,375,632,493,609,861,866,
382,313,523,454,595,891,864,
373,371,480,376,494,826,864,
318,308,455,338,606,885,865,
218,324,527,366,537,806,865,
146,347,440,320,532,840,870,
211,357,444,396,466,850,861,
245,297,371,332,527,863,864,
206,383,350,316,512,807,864,
165,323,338,274,507,884,864,
260,345,495,319,537,783,868,
203,343,412,315,532,828,859,
194,350,524,371,540,848,865,
186,291,434,355,459,878,863,
257,369,374,296,512,826,863,
205,325,562,342,499,845,866,
182,361,686,418,485,841,867,
146,447,636,394,566,833,867,
204,412,757,503,593,863,866,
233,470,630,660,718,806,855,
266,495,572,548,599,864,856,
211,411,512,456,636,820,865,
214,373,524,494,634,825,864,
168,437,573,408,598,882,864,
169,401,478,347,575,894,865,
224,406,487,391,581,817,863,
253,337,500,477,599,823,869,
301,286,414,400,748,911,870,
208,240,467,461,626,817,862,
138,207,524,387,610,859,869,
138,197,439,452,578,850,868,
204,179,406,379,619,820,870,
153,156,345,343,673,870,864,
99,168,307,333,561,895,865,
126,167,257,301,496,748,869,
155,153,256,320,490,856,860,
145,170,233,283,464,850,867,
108,168,217,293,455,902,864,
170,144,217,270,536,824,867,
138,166,196,358,466,872,870,
120,168,256,349,464,838,870,
110,171,227,295,526,833,867,
132,146,193,302,555,838,851,
120,208,337,306,478,836,868,
108,194,296,316,571,838,869,
148,175,380,391,532,800,866,
137,211,393,341,564,856,864,
126,217,452,305,560,889,866,
123,181,378,278,624,815,868,
106,163,374,340,524,881,865,
106,187,469,325,628,808,869,
130,162,388,288,618,907,866,
113,258,705,419,514,814,863,
132,216,582,352,531,829,868,
127,225,695,383,595,834,864,
134,208,576,342,650,818,870,
124,241,476,313,660,858,865,
124,211,562,476,580,840,863,
107,239,492,396,612,842,866,
130,217,427,327,609,845,863,
127,197,366,327,629,887,862,
348,656,675,326,540,873,859,
574,1014,599,391,601,985,870,
646,945,598,478,507,886,864,
944,786,578,403,542,806,868,
955,655,627,464,551,879,864,
730,540,603,389,531,762,866,
548,450,501,428,523,847,864,
478,377,477,383,555,847,866,
420,313,534,380,671,835,862,
301,384,647,563,561,795,867,
237,319,691,470,605,889,866,
358,586,571,440,570,867,864,
340,550,637,447,600,785,865,
239,459,574,404,518,820,867,
273,383,630,423,596,849,870,
290,388,520,486,555,799,864,
287,328,534,454,563,904,863,
227,319,500,378,490,820,867,
151,270,466,391,514,860,865,
248,310,387,328,501,842,865,
201,347,324,411,424,838,865,
220,412,598,345,514,754,869,
199,347,495,326,509,853,868,
279,451,576,438,696,887,860,
229,374,561,368,578,897,866,
217,334,539,341,512,804,866,
162,365,449,390,519,853,867,
172,354,460,326,468,840,867,
216,414,579,362,609,863,867,
229,439,578,363,521,804,864,
185,366,608,307,618,802,862,
193,332,507,346,552,824,868,
145,440,463,346,514,904,866,
175,458,512,448,530,790,861,
243,499,790,394,523,834,868,
272,458,656,330,603,879,865,
219,380,543,363,502,889,867,
144,360,542,407,680,808,862,
281,417,677,343,568,858,868,
289,350,562,285,519,874,862,
198,291,467,301,656,818,866,
127,247,422,497,572,825,864,
174,209,394,410,531,840,864,
182,221,419,347,529,846,862,
138,196,349,288,538,847,864,
101,202,294,384,522,830,869,
147,220,349,341,507,837,867,
126,204,504,302,449,808,862,
131,214,460,382,537,841,866,
111,205,396,375,568,834,862,
141,219,415,390,540,929,866,
117,196,615,391,521,871,865,
155,177,511,372,618,876,866,
134,179,525,313,515,813,867,
116,238,472,389,565,789,865,
142,200,395,326,476,859,864,
122,203,464,334,579,816,858,
129,169,469,341,563,815,868,
122,173,415,400,542,870,869,
126,185,420,335,597,907,863,
124,183,391,318,548,781,867,
121,212,453,301,561,865,863,
127,178,380,283,596,867,863,
122,191,460,248,537,808,864,
118,205,383,298,491,863,857,
162,174,346,250,532,814,859,
136,208,565,291,513,811,867,
106,229,470,379,448,828,866,
108,191,396,412,543,851,867,
154,170,404,437,452,855,864,
130,217,428,367,523,847,865,
114,215,421,308,511,830,867,
142,185,457,261,597,808,862,
135,174,458,332,497,832,868,
325,621,694,349,741,856,864,
556,1022,994,367,615,850,872,
668,982,1006,381,589,928,863,
889,827,860,345,561,833,859,
964,688,915,460,669,803,864,
923,568,947,387,641,855,864,
917,474,905,396,612,855,866,
908,514,758,330,607,818,857,
1008,540,631,378,527,847,865,
964,653,821,410,552,881,870,
923,543,1004,361,536,888,865,
800,450,935,323,510,851,869,
805,377,961,331,480,836,863,
618,313,991,349,551,887,864,
454,786,979,337,479,898,866,
699,947,922,403,532,832,871,
938,824,770,338,681,826,862,
964,686,636,376,567,832,864,
743,567,530,330,584,887,866,
565,652,570,369,573,858,862,
825,661,570,331,522,889,865,
903,598,786,360,434,908,869,
996,640,825,347,392,862,864,
961,529,759,293,559,831,870,
925,480,626,393,473,860,861,
704,400,691,342,476,830,864,
551,331,668,286,513,828,864,
401,278,553,362,481,851,863,