614,223,438,225,325,526,662,
521,191,368,191,287,543,626,
419,160,308,221,286,574,652,
316,229,609,414,242,536,609,
507,946,505,342,277,583,715,
684,866,421,287,281,519,737,
897,718,493,271,264,504,661,
902,597,584,236,237,490,626,
802,604,677,274,299,567,633,
847,585,704,232,302,569,641,
945,486,650,219,262,528,669,
929,468,716,199,270,544,617,
922,503,645,230,230,515,655,
1010,580,538,227,249,469,694,
939,478,446,227,267,531,669,
718,401,371,195,243,489,658,
594,336,312,173,214,565,556,
467,575,545,436,350,524,657,
608,882,452,364,295,536,607,
717,842,479,300,254,515,714,
903,714,527,253,264,489,634,
699,591,438,216,308,492,622,
522,493,518,255,261,518,674,
447,778,593,279,295,487,583,
882,644,792,244,262,468,696,
929,602,707,232,273,525,627,
920,670,609,199,239,447,585,
924,553,502,214,244,508,701,
957,462,420,181,271,501,642,
733,382,351,183,279,501,640,
550,319,291,177,263,501,580,
400,598,494,260,280,503,657,
823,940,509,244,350,554,605,
833,866,466,252,298,546,574,
911,772,547,229,252,451,726,
911,639,608,226,290,571,604,
691,548,623,233,253,497,505,
585,684,516,262,241,541,601,
938,572,639,274,281,531,697,
951,501,608,234,254,473,602,
909,594,749,274,249,476,527,
923,729,621,260,359,521,535,
706,703,517,229,300,482,720,
943,584,486,248,345,558,749,
943,485,652,250,312,493,606,
929,581,697,226,271,476,652,
896,483,871,248,264,544,707,
1012,532,927,249,292,469,669,
956,561,923,229,260,525,636,
932,587,853,229,257,540,551,
928,645,877,194,226,484,618,
1016,745,750,355,318,509,727,
965,635,739,333,330,533,648,
932,525,636,278,302,504,613,
931,606,542,236,257,420,697,
1018,501,483,230,299,519,684,
965,526,400,298,337,567,633,
932,519,434,252,281,537,613,
931,512,505,260,288,502,559,
986,600,673,266,328,469,710,
943,496,557,227,293,509,647,
865,414,554,260,280,502,613,
751,346,650,221,296,506,637,
644,288,665,215,253,518,636,
598,244,629,218,312,516,584,
550,203,656,220,266,515,666,
467,180,630,189,286,558,612,
403,157,666,233,291,507,642,
289,149,659,235,244,508,696,
201,148,617,201,265,552,596,
155,154,634,247,253,472,620,
155,172,658,233,254,481,711,
115,164,591,197,240,518,649,
73,169,625,270,244,528,682,
117,152,610,228,236,501,626,
92,133,509,192,238,483,686,
74,112,420,205,262,541,672,
59,101,352,194,247,481,654,
75,97,293,223,284,552,638,
111,116,248,215,285,525,594,
83,106,210,221,274,541,696,
64,94,176,188,231,513,619,
88,102,172,171,241,555,525,
74,121,147,239,260,509,596,
56,106,163,199,245,557,662,
68,98,137,182,209,462,663,
92,119,167,173,260,513,712,
58,159,348,174,247,516,706,
78,146,517,240,268,479,636,
75,138,542,202,243,536,692,
64,144,511,215,299,558,602,
105,144,636,594,394,463,689,
81,151,582,490,329,466,631,
84,131,540,407,276,492,651,
87,133,555,343,268,581,639,
82,152,490,286,288,568,642,
75,136,524,246,295,591,604,
82,145,433,209,284,510,639,
78,128,388,237,302,540,659,
60,133,380,199,254,531,590,
77,115,370,251,280,535,579,
70,132,386,212,254,541,621,
84,138,390,198,233,482,613,
70,120,326,171,222,469,596,
71,102,270,213,268,545,619,
68,116,230,506,300,496,707,
90,172,316,424,396,630,489,
89,185,379,354,365,554,673,
89,157,317,294,316,537,666,
68,154,315,249,303,529,632,
93,162,370,220,363,524,624,
52,152,352,184,340,520,687,
94,133,293,213,408,507,658,
93,112,356,227,337,543,608,
61,120,324,212,283,504,672,
96,150,401,232,434,544,630,
68,127,339,197,360,450,639,
88,140,367,165,301,504,572,
66,137,306,141,339,493,632,
58,117,255,209,342,555,711,
103,154,386,211,439,527,599,
80,145,382,246,419,546,608,
61,131,320,215,440,574,700,
68,111,300,183,364,490,665,
54,107,294,215,348,499,670,
93,155,371,449,389,547,669,
80,158,422,407,423,506,677,
54,139,423,338,352,535,674,
85,119,353,283,305,556,619,
78,160,369,245,352,517,608,
61,140,387,205,356,552,629,
61,126,376,238,309,526,662,
93,131,346,219,311,534,673,
102,157,291,199,308,606,577,
90,174,444,286,294,499,694,
105,149,370,268,314,513,667,
90,164,408,241,346,517,609,
69,144,340,207,323,485,576,
83,182,421,554,332,535,614,
86,154,361,462,302,483,735,
76,147,399,383,327,546,638,
73,140,333,319,371,517,716,
94,118,278,277,330,528,674,
71,125,235,231,274,439,620,
67,132,274,194,325,505,704,
96,117,252,251,301,555,654,
96,129,245,209,282,507,543,
73,177,365,242,319,506,582,
95,174,504,234,349,557,563,
78,156,423,198,381,576,547,
61,161,392,187,320,476,665,
392,346,453,254,463,488,629,
300,293,451,263,387,509,647,
263,255,429,221,482,614,591,
178,250,462,224,449,531,736,
162,264,386,210,376,489,640,
156,318,382,191,315,527,668,
187,266,325,223,288,531,712,
142,257,345,229,260,571,686,
136,268,288,194,274,558,667,
102,305,308,230,254,532,638,
119,312,309,195,236,520,495,
137,350,347,197,249,444,648,
197,358,374,179,253,500,650,
154,362,350,166,255,519,682,
137,354,418,294,453,572,621,
128,416,689,381,495,526,610,
164,418,641,393,530,535,681,
177,393,624,377,475,467,656,
197,356,517,441,491,447,710,
155,373,507,460,515,580,634,
180,319,485,418,475,593,618,
135,335,426,351,393,489,589,
130,322,471,317,362,520,618,
117,349,478,268,421,565,568,
251,336,396,418,490,537,553,
272,281,414,347,426,492,674,
262,236,408,349,465,497,665,
225,199,384,353,455,531,648,
149,173,390,429,489,478,574,
96,150,327,360,407,510,558,
98,148,272,393,394,521,649,
95,155,282,329,360,529,614,
91,136,236,276,304,556,703,
65,116,201,233,261,556,635,
89,100,170,194,255,519,616,
93,103,155,232,245,541,582,
73,118,130,237,227,495,684,
65,108,144,201,261,593,645,
83,108,123,207,267,515,661,
84,96,126,178,239,495,711,
93,105,144,175,287,515,632,
60,107,156,272,272,517,665,
93,137,327,752,669,629,692,
70,124,315,620,555,525,637,
102,174,355,516,530,588,657,
95,172,337,593,454,543,629,
80,180,418,593,484,451,666,
90,153,365,490,402,470,612,
77,137,396,409,338,566,590,
69,151,420,471,373,539,678,
113,179,385,585,506,544,703,
148,238,885,591,420,608,638,
111,210,735,518,412,503,681,
105,178,609,441,359,477,595,
92,174,572,371,301,521,608,
81,151,475,308,310,576,607,
113,192,393,280,262,534,559,
91,208,589,238,322,531,608,
60,176,488,199,295,524,488,
94,159,407,212,294,501,612,
94,339,630,401,359,438,658,
455,1003,638,420,471,518,684,
726,946,529,495,421,512,670,
905,791,638,465,444,498,640,
915,654,528,559,520,525,586,
745,542,450,580,490,523,682,
569,451,621,532,409,542,672,
417,424,574,626,532,583,615,
300,419,509,521,554,492,620,
243,352,462,478,462,464,637,
215,340,781,457,400,437,719,
218,413,697,458,574,572,669,
292,529,581,499,617,600,612,
239,494,629,517,509,515,681,
313,408,576,429,427,573,622,
247,343,570,356,354,512,475,
164,333,575,437,326,464,714,
229,288,609,382,334,481,668,
196,249,506,316,280,497,641,
209,303,421,427,326,480,705,
177,283,429,592,462,568,672,
170,310,475,488,385,499,616,
169,272,398,409,385,579,580,
109,297,543,383,486,612,601,
145,395,630,357,406,510,639,
133,389,522,321,347,551,660,
170,362,435,307,293,532,720,
179,401,436,445,351,524,657,
188,332,519,446,389,456,638,
200,426,757,413,446,533,654,
161,369,630,343,407,490,736,
169,375,605,358,444,532,698,
142,354,505,471,388,543,681,
194,394,527,393,435,549,622,
158,329,648,329,384,535,665,
146,399,672,273,415,445,666,
121,359,604,280,422,440,662,
131,368,559,492,354,470,600,
242,365,789,555,436,449,649,
226,302,656,647,430,530,686,
206,257,542,537,428,587,632,
162,217,453,445,358,589,662,
109,182,436,372,396,497,622,
89,157,506,402,415,521,583,
86,157,446,460,439,523,625,
108,148,370,473,375,433,669,
72,129,376,450,422,622,625,
74,163,534,390,351,514,676,
96,182,531,356,363,513,678,
67,187,444,369,421,526,638,
72,163,404,370,456,526,725,
93,174,591,323,383,580,591,
87,176,492,399,388,531,669,
81,177,512,331,325,511,649,
99,152,427,392,296,476,623,
89,161,466,421,360,532,657,
71,139,389,566,364,561,678,
105,158,542,645,408,521,720,
84,156,483,538,501,514,560,
67,161,549,444,487,544,662,
74,140,457,465,406,527,677,
97,173,502,507,488,459,662,
81,145,475,696,463,508,641,
67,139,453,576,471,628,696,
69,158,451,498,565,544,632,
77,133,375,506,466,490,617,
75,157,516,420,391,500,578,
85,166,560,353,327,482,569,
84,159,525,370,516,557,657,
58,153,439,350,430,486,678,
111,190,380,293,390,522,641,
96,180,415,343,355,504,677,
77,172,456,345,323,543,623,
108,161,516,329,325,493,649,
65,160,430,354,436,580,683,
533,675,879,585,586,531,735,
539,1007,966,565,657,542,596,
990,853,969,536,545,506,664,
961,704,929,445,511,565,620,
884,593,1005,518,678,506,610,
771,507,885,504,581,550,610,
873,423,903,552,621,639,659,
957,476,749,484,511,580,610,
931,559,731,468,572,638,582,
928,665,782,587,472,574,665,
926,549,989,489,394,475,720,
857,458,984,525,368,444,689,
734,382,980,436,306,485,703,
564,318,874,446,283,567,637,
722,820,953,561,309,530,647,
686,941,798,675,308,517,681,
913,784,659,562,374,507,572,
700,652,583,497,323,562,626,
523,538,669,415,271,520,589,
396,666,685,348,319,496,572,
618,638,690,413,383,588,634,
1017,572,895,385,327,508,700,
961,590,746,449,452,468,646,
932,490,893,423,475,478,665,
919,418,741,352,396,496,632,
735,347,761,585,449,524,688,
591,291,628,512,428,526,686,
435,246,765,534,379,483,656,
391,955,881,559,357,535,669,
864,965,954,545,367,532,624,
930,808,974,533,423,494,602,
893,668,817,447,414,557,592,
780,556,678,490,348,523,567,
607,606,688,428,306,492,546,
701,577,625,544,367,497,658,
915,665,797,450,311,496,616,
966,702,824,426,282,476,624,
930,695,866,404,290,541,658,
708,693,967,442,638,604,625,
1020,799,860,469,529,550,667,
967,696,771,535,536,495,714,
921,577,850,526,474,583,621,
876,557,812,465,488,523,788,
934,680,965,416,530,573,662,
926,710,921,532,468,477,694,
930,686,990,565,423,519,701,
915,697,833,471,483,549,606,
961,578,856,397,399,516,619,
936,672,770,440,431,549,682,
930,559,905,457,427,462,714,
929,570,808,414,449,504,675,
967,471,667,507,502,461,687,
944,566,555,420,495,567,676,
933,515,579,351,516,579,634,
930,542,480,323,430,539,637,
966,447,608,395,583,665,693,
946,478,649,363,489,549,651,
901,401,606,429,468,516,612,
858,332,863,456,578,504,661,
750,279,934,505,482,533,633,
595,233,782,492,595,597,605,
552,198,677,420,518,493,652,
501,170,560,511,543,508,654,
478,144,467,544,530,528,673,
348,176,409,450,465,446,655,
242,222,774,531,438,574,602,
205,187,641,444,454,524,653,
192,160,529,436,412,530,639,
172,138,450,376,380,593,649,
140,205,843,548,518,534,656,
134,174,715,452,522,500,627,
108,150,636,430,536,425,725,
85,161,777,359,445,522,650,
58,151,823,434,470,559,621,
586,744,683,459,390,509,527,
577,989,733,582,329,494,691,
953,831,728,480,438,588,682,
949,689,661,428,400,537,688,
775,571,889,445,477,515,658,
579,662,780,420,438,554,690,
425,601,950,504,450,571,492,
335,644,822,668,377,542,576,
904,531,958,554,355,454,519,
939,442,976,589,438,473,678,
931,548,1003,585,421,552,541,
879,455,847,488,362,458,684,
699,380,938,407,304,532,705,
556,314,784,576,393,528,644,
481,263,906,515,328,556,702,
402,225,754,426,350,550,679,
326,189,628,406,371,556,726,
254,167,520,424,318,589,631,
193,144,521,481,316,577,678,
136,158,548,486,373,598,616,
103,134,566,405,336,547,661,
143,132,470,336,315,550,749,
115,242,1016,503,311,558,679,
106,203,1019,417,398,507,623,
79,229,1022,375,499,601,659,
92,225,1010,506,441,520,695,
76,262,1014,495,485,492,674,
128,296,1016,553,621,513,616,
512,950,938,580,753,730,609,
706,1005,782,481,737,605,696,
902,848,650,398,715,532,612,
908,702,852,386,670,581,612,
702,582,975,360,736,527,616,
519,485,991,342,612,599,674,
381,404,1006,287,680,596,611,
381,335,992,403,717,671,728,
322,377,852,412,709,556,650,
251,375,782,380,723,500,712,
410,504,727,352,707,416,638,
402,535,801,328,741,521,643,
524,551,1011,517,662,613,689,
674,459,933,430,551,529,656,
634,509,847,356,656,573,728,
552,451,969,378,541,477,653,
481,488,972,316,608,607,667,
394,514,814,325,682,502,632,
358,543,677,374,565,417,691,
412,473,946,336,470,467,547,
566,588,1013,386,481,519,535,
806,485,1022,321,441,575,605,
721,454,1015,272,470,520,593,
588,378,992,431,460,567,567,
463,316,1010,360,436,492,588,
335,266,972,303,469,575,695,
237,268,1019,327,637,611,681,
223,577,1018,338,551,580,704,
693,962,881,324,518,517,672,
716,827,733,356,597,546,616,
883,698,605,341,558,556,657,
897,582,904,333,552,586,705,
853,708,1020,402,552,534,634,
653,585,1012,361,664,556,720,
599,498,1020,304,575,463,645,
784,492,994,310,513,483,685,
983,500,1012,327,509,492,639,
951,473,1017,319,573,541,636,
934,612,900,268,524,510,644,
976,613,1022,335,539,535,636,
969,576,1013,366,575,512,606,
932,510,859,307,477,536,589,
927,597,744,268,485,511,676,
1003,533,671,309,537,520,699,
969,497,647,260,579,482,756,
935,568,1011,420,522,582,596,
930,554,857,351,482,550,616,
1016,679,762,291,508,458,705,
964,868,630,274,423,483,674,
929,718,522,290,419,564,618,
860,595,859,298,463,570,632,
741,502,716,335,898,636,676,
566,415,644,282,743,594,706,
492,347,657,261,619,519,619,
357,361,851,305,634,662,658,
255,300,704,302,664,546,692,
170,363,589,272,553,582,653,
254,303,491,251,690,601,574,
346,253,649,304,838,573,604,
447,283,952,352,698,570,576,
343,250,978,389,615,483,697,
256,226,894,344,509,570,672,
193,230,747,286,694,646,613,
161,199,624,241,572,534,675,
132,195,519,245,477,574,671,
89,183,566,266,569,592,616,
85,156,466,230,473,541,600,
79,138,477,216,393,593,656,
98,193,526,265,377,514,636,
100,196,731,308,410,569,691,
79,164,757,275,469,474,664,
87,141,628,230,475,614,607,
64,171,630,290,544,589,583,
85,393,521,246,467,499,593,
474,978,484,439,603,516,613,
703,923,410,429,595,561,668,
888,767,367,360,617,624,693,
879,636,499,399,527,630,661,
664,527,419,332,669,551,673,
490,565,372,315,565,499,626,
359,470,408,357,609,484,677,
250,515,437,301,530,488,720,
454,427,361,645,537,514,694,
439,356,570,533,479,539,703,
402,298,503,444,498,569,687,
446,249,427,369,529,513,649,
488,212,374,355,565,551,616,
356,214,382,781,698,533,709,
280,362,525,646,704,605,659,
473,418,437,536,584,569,713,
539,501,381,446,599,632,767,
475,444,407,591,560,553,624,
490,429,469,600,462,568,586,
530,467,510,498,385,546,636,
529,455,503,413,514,527,620,
488,429,562,347,424,466,668,
408,448,463,289,353,459,710,
395,463,389,260,342,528,636,
556,473,369,241,418,563,643,
585,533,417,220,355,534,610,
480,545,481,283,314,553,672,
456,490,571,715,461,584,567,
461,510,574,592,429,484,630,
507,477,517,491,526,622,648,
514,415,445,410,467,528,516,
466,462,385,339,390,527,665,
418,485,364,319,420,509,553,
490,469,324,340,487,547,659,
549,427,390,281,407,668,658,
522,440,326,275,421,556,605,
436,470,295,243,361,538,685,
576,516,306,231,431,539,633,
677,429,362,245,502,577,591,
631,357,417,285,441,552,565,
464,301,387,329,430,549,673,
338,251,359,433,443,548,666,
237,211,334,362,372,502,669,
244,189,369,301,370,529,570,
204,158,306,265,365,575,597,
133,312,647,304,329,496,531,
463,812,634,327,359,515,481,
490,1001,646,344,463,446,633,
929,845,686,377,464,470,642,
911,702,569,357,501,583,601,
693,579,472,450,416,489,651,
517,480,396,415,362,551,669,
378,401,368,343,344,502,667,
290,334,361,318,312,526,637,
197,306,426,265,350,572,625,
140,259,393,252,303,478,670,
249,347,452,350,468,528,611,
261,291,427,422,477,618,652,
176,246,412,350,398,514,576,
415,206,465,295,389,508,607,
362,177,388,374,364,517,621,
255,162,431,319,337,530,644,
175,159,481,282,345,559,599,
153,137,403,237,292,475,572,
124,133,337,236,281,496,633,
96,126,279,269,245,563,642,
66,109,235,228,251,570,635,
98,98,201,193,276,507,648,
69,93,205,180,268,505,682,
61,104,188,212,299,494,720,
76,133,319,221,269,507,644,
71,120,270,269,234,564,630,
57,117,381,224,274,567,647,
75,228,399,266,314,560,693,
466,818,616,271,342,511,647,
789,954,512,308,371,524,721,
919,796,631,333,364,583,667,
902,663,523,279,450,577,688,
683,550,497,268,374,530,665,
509,495,505,227,340,571,645,
378,577,543,228,473,550,703,
444,521,524,232,401,541,654,
685,431,432,198,337,533,683,
830,361,639,358,342,512,616,
907,554,630,300,343,500,692,
927,611,704,264,335,475,657,
965,540,586,287,332,569,659,
936,555,691,282,396,561,642,
928,464,659,238,345,515,686,
928,519,633,241,422,499,676,
969,489,654,272,407,545,665,
934,465,543,250,379,507,658,
933,494,555,237,317,499,622,
931,592,753,280,461,575,653,
968,533,850,329,494,513,697,
933,514,704,302,409,507,663,
927,472,771,308,345,493,659,
957,574,774,270,295,494,670,
968,476,799,230,313,503,643,
935,578,781,253,320,482,669,
929,477,756,215,360,506,700,
963,559,868,289,481,556,701,
966,521,721,277,398,495,698,
934,513,690,285,331,464,678,
930,565,728,354,395,509,564,
958,604,823,322,345,449,713,
968,532,705,271,386,607,647,
936,527,649,224,339,560,612,
928,543,756,230,337,561,611,
996,549,842,296,380,567,660,
965,547,700,248,316,502,707,
933,552,579,281,323,541,659,
911,469,572,238,339,492,608,
860,388,476,225,344,543,718,
778,325,395,243,314,490,681,
611,274,488,314,372,498,666,
588,228,530,264,388,538,612,
531,193,460,302,327,462,693,
519,187,478,250,375,489,654,
379,157,398,266,349,515,679,
431,667,900,336,533,534,646,
537,983,828,354,442,477,657,
1003,827,731,344,491,463,587,
962,688,708,288,423,555,712,
827,595,649,305,396,517,666,
684,595,775,285,394,513,730,
847,492,951,358,444,496,693,
977,505,940,307,438,445,635,
943,527,944,338,403,512,665,
932,630,1016,298,339,440,689,
911,525,1012,319,284,542,553,
828,437,973,267,299,454,637,
655,362,979,275,330,511,565,
487,302,822,335,313,542,605,
613,817,986,347,347,556,631,
783,950,920,309,291,463,637,
933,793,770,290,339,546,615,
711,660,780,295,349,500,601,
529,546,649,249,320,526,590,
415,732,659,255,359,552,655,
618,606,627,229,322,556,632,
968,581,648,267,305,540,704,
967,654,641,275,309,499,694,
926,544,533,238,259,496,669,
922,449,481,309,363,581,616,
726,374,448,262,319,481,674,
634,313,552,262,268,504,615,
470,261,678,363,279,421,712,
401,944,950,306,294,604,614,
865,947,971,273,363,500,636,
931,793,813,232,303,522,622,
914,658,673,226,346,460,634,
810,584,560,214,298,510,663,
634,508,615,213,251,508,640,
706,597,680,208,294,550,708,
813,598,787,313,271,459,694,
965,653,822,265,293,494,672,
936,720,854,236,247,461,630,
711,688,710,270,563,495,674,
529,571,589,251,549,518,603,
1002,579,515,249,458,512,648,
966,575,610,275,419,503,699,
895,476,648,255,405,529,666,
900,430,538,269,484,533,544,
921,482,448,306,404,535,557,
965,590,373,379,393,560,616,
933,640,354,415,586,578,715,
930,581,517,345,484,560,597,
931,744,571,291,437,475,569,
965,620,586,325,391,487,581,
935,581,661,368,495,513,634,
931,617,740,310,520,488,596,
929,561,818,315,502,511,514,
965,553,959,267,543,551,607,
952,539,940,291,463,508,656,
931,530,783,270,584,515,695,
933,567,652,284,502,555,552,
948,473,538,274,541,541,603,
766,393,491,310,465,580,653,
636,327,454,261,399,551,710,
561,274,378,220,563,551,576,
556,229,497,234,518,544,684,
475,195,428,298,459,538,697,
376,168,463,267,513,549,640,
312,143,428,294,501,588,664,
238,124,385,248,465,600,757,
164,108,325,219,607,507,688,
140,139,406,266,501,572,681,
157,137,414,242,430,504,648,
124,149,457,205,489,475,550,
93,126,378,308,457,467,644,
69,118,318,257,531,553,539,
97,117,408,275,465,488,657,
133,144,437,257,385,512,663,
105,192,563,335,332,543,622,
72,162,467,280,392,528,632,
101,164,528,234,362,493,628,
69,143,563,216,311,485,657,
93,156,639,198,394,539,664,
94,162,580,252,348,519,635,
72,148,582,285,402,557,639,
86,160,489,243,334,496,670,
79,155,466,235,361,491,682,
78,159,507,283,354,553,665,
88,150,678,276,397,493,655,
73,152,561,232,329,485,603,
77,148,481,254,298,549,574,
74,130,400,269,254,570,610,
82,139,466,239,264,481,629,
72,145,438,261,260,525,548,
70,139,407,228,245,499,659,
85,121,383,219,330,529,609,
79,120,321,249,348,523,611,
90,138,516,221,291,523,644,
66,124,427,208,288,538,655,
56,142,394,194,288,445,683,
81,122,331,201,337,546,600,
65,126,298,228,369,574,658,
66,127,489,245,338,503,576,
91,127,410,205,331,511,700,
66,131,342,176,279,481,591,
68,132,315,195,262,532,638,
54,131,266,239,614,571,651,
69,179,643,246,597,475,674,
86,223,978,327,724,508,619,
73,187,830,274,597,495,701,
113,189,785,284,497,547,635,
82,161,901,303,528,542,630,
100,183,790,292,497,478,683,
61,171,866,297,480,603,695,
100,169,909,348,554,559,576,
88,185,774,295,461,505,651,
92,185,643,253,690,514,660,
66,155,802,282,571,514,708,
94,196,869,344,669,631,684,
60,167,721,288,557,566,627,
91,187,815,333,462,471,691,
72,187,778,278,539,532,563,
113,161,858,290,449,515,634,
73,198,812,250,485,489,726,
104,180,780,232,496,481,695,
97,175,669,257,415,452,630,
120,157,555,255,428,554,718,
83,184,746,342,524,516,651,
122,266,975,284,445,497,606,
85,225,893,266,460,414,671,
83,246,934,318,384,559,640,
100,257,903,309,445,535,631,
112,236,858,256,368,517,662,
85,252,838,265,308,430,691,
87,295,918,277,339,537,681,
85,249,762,236,370,453,623,
79,207,631,251,427,468,616,
63,203,569,332,425,462,737,
74,174,485,278,446,556,692,
115,179,534,310,385,507,668,
108,156,442,326,493,532,613,
75,193,580,274,412,536,695,
59,175,489,245,343,577,684,
97,205,639,298,331,505,629,
77,174,532,257,420,539,674,
63,157,517,214,351,508,675,
68,201,669,250,357,522,688,
71,176,735,325,402,596,681,
63,165,671,270,336,554,616,
60,164,553,227,324,526,671,
92,146,459,237,350,518,645,
116,144,495,263,335,534,679,
97,224,612,396,425,632,651,
468,981,512,329,431,525,700,
724,863,422,278,507,636,569,
897,732,389,232,423,589,648,
900,606,512,245,457,542,603,
684,502,514,359,416,454,636,
570,579,428,311,449,568,652,
417,506,368,270,420,490,652,
423,419,375,394,354,535,616,
304,453,360,402,389,529,691,
210,563,335,370,334,506,652,
271,593,347,468,401,540,602,
348,570,320,530,334,497,651,
503,470,345,458,360,526,676,
455,393,343,381,494,557,605,
328,329,326,385,491,503,700,
231,273,361,324,412,499,674,
204,274,439,269,415,525,658,
168,228,530,315,387,542,664,
162,304,440,292,559,578,623,
103,308,425,333,558,654,604,
167,270,365,281,465,540,651,
121,254,376,293,395,512,668,
146,383,367,266,452,565,637,
135,356,375,250,379,498,591,
200,388,524,348,444,568,700,
166,323,441,291,476,566,616,
161,367,432,242,406,525,685,
150,317,374,264,480,676,694,
139,360,422,323,493,566,675,
154,313,376,277,519,535,654,
167,324,322,296,496,504,692,
143,291,367,533,453,537,700,
151,368,445,455,386,518,570,
132,361,525,471,452,470,665,
130,370,436,390,448,535,688,
142,372,427,329,504,519,650,
196,357,354,309,453,540,603,
271,308,369,287,517,486,675,
272,325,370,280,617,596,535,
243,274,307,335,510,544,624,
179,227,260,301,523,517,704,
168,199,379,344,459,599,644,
116,181,380,357,550,573,640,
83,151,317,298,457,497,674,
91,132,267,249,486,625,633,
119,115,225,234,428,548,595,
85,157,474,234,403,490,576,
66,190,465,231,423,568,642,
56,161,390,288,478,517,695,
89,153,408,268,557,558,628,
95,167,375,227,461,537,601,
56,176,386,230,386,509,675,
66,151,360,193,343,520,632,
111,159,367,286,380,537,587,
72,153,417,240,401,603,671,
75,166,366,603,528,531,731,
100,162,377,504,499,608,623,
87,166,528,419,413,505,673,
102,179,541,562,527,574,690,
99,169,456,576,438,577,698,
79,169,545,518,381,538,663,
73,162,507,431,402,558,663,
89,175,419,500,371,577,671,
81,184,541,500,402,555,683,
74,207,724,526,422,496,670,
74,232,598,573,420,489,568,
77,194,512,476,421,576,652,
74,165,428,393,352,547,603,
78,144,358,330,437,489,676,
96,175,462,307,379,553,711,
80,234,439,281,413,551,648,
74,200,510,236,347,563,605,
59,171,425,202,474,512,599,
63,183,669,344,392,455,684,
585,788,684,451,370,486,632,
527,993,567,479,362,479,798,
954,837,469,411,379,538,651,
949,691,481,497,542,490,710,
741,575,400,506,451,441,644,
550,475,503,448,393,607,717,
406,395,467,446,366,512,606,
371,396,395,559,543,596,628,
292,331,437,548,518,522,630,
214,329,737,566,432,581,601,
192,377,610,468,360,496,685,
352,540,507,425,423,546,608,
250,469,539,360,355,497,703,
190,414,449,324,348,558,599,
292,342,407,318,330,528,666,
201,314,496,309,303,492,634,
221,261,602,297,294,538,636,
171,313,499,289,315,537,667,
206,304,620,446,390,550,690,
155,358,605,576,441,560,623,
96,302,562,477,371,561,643,
146,317,591,402,321,485,673,
122,355,490,333,295,446,603,
175,497,845,408,385,514,640,
177,416,709,399,367,549,683,
135,362,590,365,305,598,640,
162,340,524,323,360,605,532,
140,322,436,417,390,503,633,
159,365,885,486,356,588,624,
150,363,735,405,400,576,684,
187,336,732,428,431,523,571,
147,358,674,359,398,464,612,
108,320,636,323,554,608,648,
121,397,776,284,461,564,605,
128,372,643,251,384,547,725,
129,356,533,259,399,491,657,
182,378,445,435,373,653,681,
287,424,641,502,489,544,613,
292,352,766,577,405,530,629,
221,295,632,476,430,501,626,
146,249,539,397,358,528,666,
153,209,467,334,361,513,603,
121,178,504,405,391,454,658,
100,172,449,474,421,426,678,
104,154,392,400,353,512,665,
101,172,470,478,381,521,634,
91,218,636,433,383,494,668,
74,196,527,364,438,634,710,
65,164,436,386,362,529,675,
103,144,397,321,304,469,676,
93,148,581,373,509,447,623,
82,173,526,340,427,541,647,
69,164,514,372,358,528,637,
68,148,429,311,367,511,618,
84,148,412,443,305,509,688,
66,166,426,463,271,587,640,
66,161,371,631,359,577,638,
122,145,452,520,301,479,724,
82,131,470,435,280,577,704,
71,147,396,491,407,542,611,
87,143,488,515,451,501,652,
73,166,491,601,470,558,660,
98,169,406,619,496,589,673,
75,165,349,619,411,596,604,
75,144,444,534,342,534,661,
105,155,477,495,402,601,609,
75,164,587,414,333,508,667,
61,146,484,346,345,532,615,
85,127,403,331,395,589,677,
79,131,388,277,342,509,614,
67,145,322,320,383,528,610,
84,154,310,330,329,540,565,
65,132,342,318,320,568,668,
69,134,365,390,270,532,666,
260,634,446,495,387,492,642,
505,945,639,571,445,622,658,
694,891,532,477,370,533,676,
895,743,531,394,342,571,598,
959,613,517,460,467,566,666,
852,508,608,436,526,558,658,
902,425,697,469,436,490,651,
908,524,642,499,472,514,636,
988,659,614,577,416,558,642,
956,603,511,496,344,465,624,
926,500,422,448,337,556,600,
792,416,369,496,328,572,675,
709,347,353,458,351,504,620,
585,293,298,456,297,511,581,
431,694,536,615,330,474,620,
721,869,521,790,310,484,686,
810,880,668,653,328,452,693,
951,729,554,544,280,570,629,
731,606,760,448,308,550,651,
543,724,744,376,277,530,605,
718,603,829,348,278,464,686,
893,598,715,461,351,614,623,
1020,594,696,387,350,601,751,
963,493,777,379,482,603,665,
925,412,644,314,402,511,679,
715,342,536,415,373,476,673,
604,289,444,546,429,539,649,
443,242,369,490,355,517,668,
401,621,590,569,331,517,625,
671,961,578,555,377,466,585,
959,801,745,489,318,518,677,
942,666,685,422,328,549,681,
778,563,625,595,273,535,625,
631,566,519,497,314,609,677,
726,640,527,663,285,530,685,
840,580,688,549,238,470,582,
919,645,825,454,268,480,604,
958,629,924,382,260,503,676,
779,694,768,376,332,605,574,
915,572,637,416,333,545,611,
928,779,674,431,406,600,685,
964,642,570,420,459,546,625,
877,572,564,426,468,488,611,
862,621,640,392,390,588,718,
1003,729,758,460,347,525,620,
963,607,804,502,320,483,715,
913,731,908,455,323,510,699,
924,711,1014,524,315,500,769,
1018,649,993,592,387,526,739,
965,548,994,491,324,436,684,
934,569,996,440,327,536,607,
931,522,932,454,348,542,695,
1013,601,880,484,295,593,638,
962,562,960,462,327,492,733,
931,519,803,451,301,481,672,
932,519,667,378,256,446,669,
964,519,796,374,336,561,726,
910,430,867,393,283,520,631,
826,362,722,392,311,558,662,
700,300,1007,470,381,617,689,
621,255,851,450,477,513,648,
577,216,904,372,399,546,664,
517,186,754,518,406,592,641,
455,190,646,433,382,595,661,
409,173,652,378,396,527,651,
294,202,849,448,335,543,625,
202,194,925,451,326,497,659,
177,174,844,540,327,565,647,
173,211,973,450,277,483,593,
115,180,918,499,302,531,649,
112,223,982,508,338,508,653,
82,191,823,420,297,559,675,
101,184,684,350,279,551,600,
75,160,597,348,340,475,631,
253,613,899,482,284,464,624,
492,991,746,412,274,481,663,
643,848,622,412,328,517,725,
1017,701,794,418,342,568,687,
958,581,678,467,415,589,658,
734,635,666,473,381,532,673,
546,559,688,391,334,492,655,
401,663,651,544,386,554,612,
568,552,670,595,339,517,669,
832,456,882,494,330,499,649,
961,606,1013,481,348,561,619,
893,501,957,472,323,520,615,
691,416,1013,392,288,475,719,
513,347,942,436,392,513,669,
534,293,992,627,351,584,642,
471,243,910,519,351,563,588,
343,205,755,432,295,537,699,
241,177,627,363,317,553,692,
196,154,659,453,316,497,681,
150,204,830,398,324,563,749,
108,171,735,362,268,501,645,
95,162,620,426,294,567,623,
144,223,993,468,282,533,628,
114,191,1005,421,350,542,670,
86,183,1009,410,304,536,676,
80,206,1007,470,621,571,596,
81,214,996,600,514,532,649,
68,196,1022,583,520,443,729,
630,725,1017,484,615,528,652,
544,991,1022,548,523,483,707,
904,831,1008,452,533,495,730,
923,688,1002,378,507,525,654,
704,573,955,319,422,549,620,
526,474,797,296,537,556,610,
382,409,659,275,526,592,659,
407,340,549,283,659,701,641,
364,318,627,320,546,581,626,
255,390,825,366,498,529,604,
394,498,755,316,499,503,676,
448,545,663,376,567,576,616,
399,552,569,379,641,623,625,
467,498,941,383,534,615,615,
605,489,1010,324,481,519,678,
573,408,1018,342,594,617,691,
523,410,1003,345,496,514,632,
475,551,1001,414,504,503,668,
403,578,947,344,425,634,599,
383,478,791,404,468,577,663,
473,505,986,335,492,613,588,
733,529,943,307,419,506,635,
825,443,787,255,377,583,657,
620,366,651,285,447,507,611,
456,309,574,241,482,542,617,
332,259,811,281,493,587,626,
264,217,806,304,596,505,668,
264,315,903,316,496,545,617,
547,960,809,322,526,501,622,
697,892,671,282,539,508,720,
882,738,556,286,519,536,645,
899,614,723,247,455,514,622,
783,583,864,321,426,502,608,
737,640,937,410,563,485,631,
693,532,1022,398,714,648,656,
796,440,918,330,589,593,633,
886,540,985,330,542,622,639,
1020,493,993,276,451,518,650,
966,645,928,306,493,551,648,
934,650,972,308,505,560,621,
928,542,952,259,482,544,650,
1007,468,957,260,421,522,749,
961,532,800,440,403,462,671,
933,442,699,364,535,499,638,
929,504,669,306,604,492,702,
1014,452,878,513,504,516,737,
963,627,777,472,561,511,704,
934,623,643,394,641,491,588,
930,773,532,369,622,534,595,
979,640,445,317,576,650,664,
888,528,627,415,578,536,632,
701,537,933,402,534,463,631,
569,445,778,344,544,577,672,
566,373,799,395,614,481,631,
416,309,665,341,647,422,640,
300,275,701,354,539,566,595,
214,322,581,297,445,471,675,
234,271,479,341,570,554,544,
265,227,565,301,645,617,654,
339,215,467,300,534,511,623,
381,261,946,433,827,695,583,
331,217,851,477,686,575,654,
232,186,706,394,593,508,643,
154,169,584,444,671,594,619,
176,204,708,383,640,619,619,
137,191,650,337,653,515,615,
90,162,536,322,598,572,742,
63,162,544,303,560,623,662,
94,182,472,252,477,550,613,
124,193,592,384,536,552,561,
83,218,803,435,480,586,642,
73,182,666,403,565,484,673,
83,213,569,336,537,597,617,
145,235,741,321,476,634,616,
471,725,713,356,579,652,679,
496,945,589,489,580,539,644,
907,791,489,404,483,490,670,
908,653,414,379,649,533,704,
691,544,431,317,585,496,614,
513,566,440,334,512,559,660,
373,472,366,317,537,507,648,
264,496,351,266,610,526,637,
343,426,433,642,525,586,601,
401,444,364,592,529,489,612,
502,372,313,492,672,622,692,
487,312,282,406,557,516,707,
507,262,316,342,709,617,700,
369,245,425,678,590,530,637,
310,354,666,562,554,555,656,
468,352,548,465,523,473,656,
534,424,492,389,791,611,682,
501,452,517,397,654,561,670,
445,457,430,738,543,575,712,
504,524,590,615,468,496,685,
511,494,565,507,465,578,682,
525,452,490,422,559,565,591,
490,543,444,350,467,527,637,
424,494,495,326,386,460,689,
417,484,626,313,446,585,629,
487,532,894,279,434,482,592,
534,539,864,289,499,538,650,
552,561,850,781,561,585,690,
528,544,740,646,465,486,683,
463,482,802,537,389,526,661,
524,449,680,446,346,529,737,
568,494,560,372,344,522,642,
503,479,583,310,372,526,628,
418,475,482,310,309,481,645,
416,486,495,355,353,507,674,
470,429,469,365,312,530,633,
588,460,447,302,363,520,632,
662,517,372,373,638,570,657,
695,432,309,311,529,531,654,
651,360,262,260,437,547,631,
507,302,295,254,684,546,650,
377,252,261,497,569,466,681,
270,214,299,413,590,557,618,
197,182,250,345,520,565,645,
170,155,211,291,462,538,584,
167,140,213,244,558,576,676,
281,664,739,460,461,486,678,
496,963,609,383,386,524,625,
669,867,508,320,323,497,735,
969,719,420,290,275,509,655,
944,597,353,518,284,497,627,
720,492,324,432,349,483,611,
539,412,270,358,324,514,691,
394,341,305,299,269,468,652,
281,301,412,254,304,533,692,
214,289,361,212,268,523,741,
314,344,442,238,322,545,662,
265,290,429,217,317,524,684,
182,241,358,240,266,475,636,
281,205,297,224,299,522,672,
308,175,364,371,412,539,611,
316,150,336,320,342,507,670,
220,128,337,265,360,534,703,
145,159,389,226,301,519,584,
118,143,325,282,331,532,613,
121,164,423,245,303,506,664,
100,152,362,268,325,487,614,
70,146,305,256,305,447,688,
98,148,335,214,256,574,620,
90,149,388,252,322,501,705,
81,132,342,317,295,549,694,
74,173,475,366,384,533,660,
82,167,573,304,320,586,602,
83,185,516,262,269,518,671,
540,748,427,296,341,497,639,
531,977,441,324,368,568,746,
962,822,528,272,347,491,676,
949,681,579,253,351,551,591,
729,563,478,297,353,494,690,
541,505,643,266,295,537,722,
459,626,530,319,286,557,639,
530,521,493,265,424,542,652,
618,430,412,226,352,505,673,
825,362,821,279,348,605,593,
914,511,682,235,312,522,625,
923,562,562,248,373,460,628,
928,522,666,209,349,540,600,
1017,568,757,284,292,520,717,
962,488,680,343,439,496,572,
931,480,566,288,366,566,614,
931,537,707,243,339,475,622,
1004,477,717,271,323,560,704,
961,484,594,240,268,523,563,
931,576,809,305,326,529,634,
934,540,727,256,294,554,643,
979,522,602,241,281,471,661,
955,463,560,253,340,574,604,
930,540,668,216,283,511,625,
932,501,719,260,295,507,633,
987,562,697,286,289,517,648,
956,523,574,264,334,520,636,
931,553,656,239,279,496,653,
930,558,619,227,235,473,761,
985,598,753,265,315,539,633,
959,531,665,255,265,490,646,
932,520,702,219,275,547,646,
930,578,861,251,316,476,640,
968,480,713,302,320,528,659,
947,585,816,252,291,478,603,
931,527,674,236,269,472,662,
931,589,871,391,367,503,750,
964,562,722,330,306,547,606,
918,469,597,273,305,486,630,
860,388,496,232,256,462,614,
764,327,412,212,269,496,658,
693,274,346,192,275,516,655,
636,228,368,255,322,514,648,
542,196,376,216,270,513,623,
483,164,311,262,228,530,685,
427,143,291,227,306,554,682,
352,643,465,310,303,487,720,
483,873,486,258,276,504,576,
641,881,506,241,262,510,618,
890,735,555,285,252,551,697,
935,609,604,329,227,523,641,
746,567,772,338,283,478,664,
893,469,701,306,290,508,671,
913,461,720,255,241,455,680,
1005,531,716,246,276,527,705,
963,627,750,300,250,513,614,
916,520,620,251,292,523,640,
799,433,516,210,242,443,624,
623,359,426,244,249,534,709,
499,299,359,278,285,589,637,
392,697,496,237,240,492,686,
591,868,527,248,258,487,663,
941,870,511,248,306,513,689,
965,725,514,262,320,588,661,
739,598,450,220,321,490,697,
553,698,660,222,271,468,659,
719,575,624,239,296,482,667,
890,479,841,205,256,479,665,
995,667,738,230,262,532,702,
964,551,612,193,266,527,559,
928,457,504,197,226,487,622,
706,380,423,201,306,546,624,
617,319,350,230,270,546,627,
458,266,293,316,272,573,672,
453,610,485,267,288,493,626,
724,937,416,222,298,555,534,
1007,778,592,296,248,463,746,
956,646,594,251,235,533,632,
813,545,566,274,306,540,633,
669,475,599,229,290,506,604,
793,692,496,218,279,566,613,
851,570,653,191,231,489,619,
918,658,722,240,230,446,720,
956,705,601,261,277,496,702,
809,778,522,221,234,470,665,
605,648,492,237,334,571,619,
888,536,630,203,279,489,674,
926,532,636,232,327,534,644,
956,571,892,297,320,514,687,
935,473,959,275,309,495,658,
923,499,826,228,260,500,565,
924,552,915,285,265,530,626,
1013,605,834,239,296,534,627,
964,549,911,242,348,484,550,
936,736,822,302,367,507,636,
927,613,726,254,337,485,605,
1013,638,601,252,280,543,665,
962,567,498,211,262,486,697,
936,493,484,289,264,490,640,
933,547,478,275,286,513,667,
997,481,396,229,267,510,733,
962,520,508,251,300,543,596,
933,572,607,263,357,497,591,
908,478,692,258,322,545,653,
898,395,659,220,332,548,678,
680,333,660,239,300,493,675,
571,279,708,207,311,520,591,
558,232,673,219,264,504,638,
540,196,748,244,267,511,732,
409,213,810,239,277,572,651,
300,203,694,230,281,552,649,
222,171,653,197,267,555,576,
200,156,665,205,295,532,658,
150,157,658,192,255,527,616,
127,196,747,237,290,464,597,
108,181,681,268,278,564,637,
108,167,563,228,237,553,694,
103,150,535,226,271,546,630,
86,126,445,223,298,528,614,
100,113,368,191,256,508,629,
99,109,309,176,223,487,680,
72,116,261,245,228,567,683,
65,111,218,210,261,502,665,
83,122,184,178,246,510,640,
104,104,159,183,240,479,731,
70,92,134,158,272,495,651,
54,95,119,215,237,480,659,
102,117,135,215,257,470,679,
62,109,155,190,286,587,634,
67,127,304,172,255,530,615,
74,197,589,231,244,489,668,
140,219,598,239,248,572,602,
92,185,593,277,274,492,697,
93,159,574,233,265,542,649,
71,181,575,689,406,516,654,
90,178,578,569,339,513,601,
60,150,597,472,282,538,616,
75,149,543,393,251,511,658,
60,142,509,330,291,516,654,
97,148,526,277,280,443,639,
60,142,436,334,339,606,606,
94,135,418,277,284,560,572,
96,164,417,235,274,498,688,
66,151,458,222,316,505,673,
85,131,383,186,295,535,712,
56,131,349,235,247,484,632,
76,115,290,215,231,472,673,
58,122,246,210,249,508,637,
59,140,264,408,406,514,619,
95,227,238,340,363,499,654,
78,194,391,287,439,527,693,
110,176,325,242,429,519,579,
99,177,366,202,361,497,645,
82,165,308,204,312,546,664,
81,142,293,220,393,545,610,
97,169,326,248,329,556,618,
72,144,421,242,306,587,654,
58,126,351,201,337,489,602,
97,156,437,265,377,587,590,
130,147,443,225,408,499,565,
85,206,454,219,347,476,703,
66,173,377,255,410,600,670,
62,150,395,223,463,609,695,
131,157,383,190,469,516,667,
81,175,393,180,449,503,664,
119,185,329,191,451,558,617,
93,160,281,191,377,518,646,
90,175,365,346,488,489,601,
71,153,348,484,408,592,624,
127,167,381,402,367,527,563,
83,180,417,334,442,555,603,
72,155,351,282,384,537,632,
79,190,403,276,417,500,658,
72,159,336,234,362,499,642,
98,148,360,220,356,506,577,
80,175,301,223,304,533,639,
101,214,510,308,370,499,644,
102,217,504,261,322,487,655,
92,187,555,243,387,479,663,
80,202,463,309,353,534,614,
96,238,453,613,295,446,691,
104,203,461,508,369,461,602,
78,170,382,424,306,522,696,
68,179,395,355,364,480,603,
70,156,331,297,355,572,631,
73,164,278,256,297,519,671,
103,142,232,263,271,574,578,
87,135,233,224,308,540,630,
78,134,272,203,261,515,633,
85,168,253,280,407,597,644,
97,207,588,235,340,554,669,
71,176,486,245,365,552,615,
86,198,520,266,302,456,637,
83,217,490,222,348,562,637,
120,200,565,372,328,505,603,
484,722,639,312,514,565,649,
561,980,538,307,430,554,656,
902,820,614,260,369,498,671,
910,682,542,268,402,448,613,
691,566,459,359,389,559,579,
517,592,506,348,480,563,633,
374,534,450,289,397,492,667,
328,441,373,245,332,457,613,
231,407,380,204,316,474,681,
219,499,443,282,510,519,600,
276,499,453,317,472,504,660,
327,564,455,263,400,460,682,
353,470,530,273,467,570,623,
442,390,570,322,386,594,566,
427,326,475,328,430,490,697,
307,272,613,316,373,499,634,
214,232,507,264,375,535,685,
144,257,499,221,313,483,648,
182,308,439,245,273,476,606,
127,327,446,224,256,510,631,
170,286,373,214,305,524,661,
137,333,442,212,259,541,690,
220,321,391,274,242,558,625,
156,333,324,233,333,514,656,
145,291,377,214,280,504,658,
141,332,452,185,267,497,648,
121,311,374,184,237,508,599,
142,365,422,239,413,538,718,
138,400,628,289,520,565,660,
106,374,524,272,430,546,664,
138,324,488,371,502,577,611,
131,394,620,361,455,493,707,
148,450,603,520,462,562,638,
147,431,687,431,505,508,597,
153,402,570,384,419,540,651,
115,417,500,330,396,616,584,
188,349,433,273,333,525,666,
133,397,516,322,502,568,653,
338,334,517,336,493,563,645,
304,278,485,338,472,476,677,
222,254,422,359,487,534,642,
147,296,442,393,502,536,612,
116,248,404,331,454,545,659,
108,212,336,289,424,523,619,
111,177,317,348,380,517,681,
102,184,344,294,333,466,624,
160,185,356,275,295,581,584,
119,158,295,231,245,522,601,
90,193,247,224,274,528,632,
72,161,211,190,285,515,697,
78,157,241,193,256,523,651,
65,168,244,223,259,504,661,
85,146,244,206,327,514,609,
87,148,286,216,273,547,653,
103,184,242,210,233,499,662,
86,164,283,673,532,483,607,
68,176,421,634,489,524,575,
82,181,353,526,434,499,634,
86,195,487,504,516,525,661,
85,213,427,515,485,551,611,
85,187,381,491,492,577,581,
73,162,336,409,439,479,660,
107,227,486,477,366,476,679,
91,276,512,495,429,518,712,
109,229,424,548,364,428,672,
89,259,848,562,365,615,655,
63,219,703,465,303,547,690,
98,251,634,390,257,465,686,
73,209,523,324,288,493,650,
90,227,506,329,328,608,646,
87,193,444,277,283,504,677,
93,230,655,288,392,524,655,
89,192,542,242,325,524,640,
105,195,485,248,298,575,662,
294,871,903,433,340,476,624,
526,988,754,497,453,590,658,
669,846,623,525,488,489,714,
1000,703,519,573,490,543,643,
924,579,509,511,490,459,602,
706,481,722,513,454,518,644,
523,402,601,460,378,501,631,
397,476,749,595,559,541,649,
343,398,790,579,606,487,579,
240,339,865,553,500,520,673,
165,284,772,459,517,488,589,
295,478,642,488,463,547,626,
240,527,538,498,492,580,622,
183,438,450,412,495,577,572,
275,365,831,347,410,486,584,
237,372,690,494,382,495,663,
219,308,617,414,316,447,612,
145,259,509,342,319,498,632,
92,362,484,389,347,512,624,
206,304,742,537,423,494,578,
138,349,866,552,450,538,696,
199,372,719,455,377,474,631,
140,310,597,382,351,554,635,
272,330,836,331,342,536,664,
236,397,695,333,372,448,652,
160,331,763,413,328,552,638,
144,301,634,342,369,504,619,
117,346,719,421,407,579,667,
187,469,800,607,537,573,633,
167,444,1007,504,462,512,669,
102,470,851,442,422,456,684,
200,391,704,400,405,536,633,
130,444,586,425,426,533,656,
174,443,921,354,380,499,676,
183,432,770,304,388,584,634,
175,393,955,323,461,552,652,
129,439,800,413,409,517,640,
173,367,841,465,446,580,639,
275,352,942,640,468,547,643,
239,315,789,531,429,456,614,
161,264,650,443,473,568,585,
97,222,579,448,395,509,724,
132,221,529,375,412,527,625,
137,186,607,501,488,594,593,
118,203,558,502,448,533,619,
111,175,647,489,419,480,607,
90,186,536,462,380,554,723,
126,186,484,384,510,553,654,
97,183,824,358,422,500,576,
101,259,919,467,497,607,662,
65,239,847,408,415,540,682,
97,232,788,338,375,563,582,
76,250,651,432,418,515,679,
116,226,625,363,363,568,709,
91,194,728,497,434,559,644,
141,183,605,429,391,489,605,
85,213,792,525,486,641,632,
79,215,702,637,446,557,630,
97,180,581,530,519,593,623,
93,193,565,439,428,515,588,
91,183,522,501,518,518,627,
73,154,585,671,519,545,639,
100,230,485,557,631,587,688,
69,217,432,501,524,492,650,
74,181,468,496,434,528,645,
72,196,565,468,364,555,666,
68,180,616,391,387,562,614,
90,163,513,442,376,480,634,
87,214,761,368,471,458,611,
86,183,630,309,394,493,578,
89,205,540,378,391,546,677,
68,183,532,437,395,563,646,
70,164,445,363,333,541,625,
91,162,423,416,334,582,675,
321,609,545,517,518,480,640,
624,1002,992,632,581,515,677,
736,861,970,644,551,547,639,
899,717,940,532,457,505,639,
916,641,982,496,566,550,656,
858,610,941,462,599,500,640,
895,507,791,446,638,553,628,
914,419,878,536,560,493,592,
922,572,729,477,557,460,681,
988,666,793,626,613,508,646,
949,550,937,516,509,452,712,
794,457,969,469,424,491,624,
675,383,1013,505,356,536,676,
673,320,933,417,297,489,653,
502,634,804,495,379,528,605,
691,976,918,599,334,469,685,
613,815,766,569,369,561,662,
891,678,633,474,396,534,648,
723,562,800,394,330,525,604,
541,689,662,442,290,550,750,
697,629,746,486,354,558,713,
888,518,708,406,343,503,631,
918,600,649,455,416,489,587,
1015,498,932,466,473,503,635,
955,412,774,432,447,474,649,
730,347,644,557,450,431,672,
545,289,598,464,428,538,712,
399,245,592,519,360,497,673,
399,685,829,636,371,560,643,
687,974,1002,553,334,495,600,
851,831,992,666,323,451,644,
952,686,994,555,453,531,681,
777,600,836,550,380,533,619,
585,623,782,497,397,568,638,
769,536,673,501,347,476,672,
888,666,573,495,372,520,713,
924,685,579,516,351,548,624,
997,695,1017,427,312,513,686,
964,706,1015,428,634,578,620,
935,583,861,428,548,535,659,
931,821,886,491,540,504,646,
1012,680,851,496,565,552,629,
949,566,843,456,505,539,608,
869,574,924,378,490,548,602,
908,694,974,500,518,671,658,
996,576,979,534,629,559,614,
938,669,830,497,521,537,670,
926,670,918,513,477,564,641,
929,666,762,506,434,509,742,
966,554,947,501,419,525,610,
950,602,1008,432,388,491,725,
933,501,853,495,559,492,638,
939,558,710,563,568,534,618,
965,529,585,467,471,463,698,
934,452,574,385,391,525,611,
929,500,601,346,451,483,705,
1008,536,500,388,493,496,654,
966,446,801,408,468,502,679,
855,368,712,348,453,535,561,
724,308,883,429,461,481,741,
619,261,735,529,667,538,663,
622,218,659,444,550,519,651,
542,185,545,547,469,550,623,
469,159,456,597,487,479,647,
366,147,630,534,480,576,625,
343,205,715,502,475,481,597,
241,180,590,502,538,498,598,
161,197,630,525,446,458,662,
183,165,524,439,373,495,613,
154,174,818,499,478,510,653,
117,221,932,604,413,510,622,
86,188,806,501,429,536,631,
116,176,667,451,473,529,660,
112,179,939,460,395,484,571,
263,702,781,546,387,506,657,
530,1001,870,511,337,459,661,
675,886,748,487,346,567,613,
890,736,872,496,330,513,693,
943,613,896,567,408,496,629,
721,657,886,472,433,523,682,
537,584,920,458,468,589,623,
487,640,843,605,450,553,608,
671,533,1009,651,378,524,644,
877,515,962,667,429,478,688,
1006,508,1003,577,442,451,635,
964,423,846,570,399,535,653,
740,355,1017,471,334,527,639,
553,298,914,558,371,537,653,
433,250,834,578,352,554,613,
442,209,689,482,300,459,706,
339,191,574,401,365,517,683,
239,174,473,516,306,496,584,
184,156,459,480,311,481,649,
188,165,548,516,315,473,606,
122,169,730,445,311,529,694,
84,142,607,384,322,573,736,
150,249,1018,479,310,477,593,
109,208,1023,533,404,519,692,
95,226,1023,442,369,452,667,
92,233,1008,415,521,548,581,
80,258,1016,525,449,511,698,
95,219,1009,460,521,606,637,
318,677,1014,473,709,605,634,
553,1007,974,487,651,586,694,
1012,850,819,406,776,533,627,
950,707,722,375,643,603,669,
728,587,1003,431,680,571,554,
541,484,931,359,624,535,628,
398,483,1010,364,671,502,597,
326,404,1004,406,645,618,587,
357,339,847,488,620,625,634,
341,392,891,404,531,521,697,
341,551,753,404,653,560,650,
295,563,804,336,758,594,660,
376,524,859,491,700,501,627,
569,482,1011,532,584,498,638,
701,567,961,441,615,472,704,
602,524,941,438,665,561,652,
442,469,936,363,551,504,631,
460,480,879,322,583,508,697,
498,500,729,346,520,558,722,
474,472,971,367,502,656,606,
443,605,1013,477,438,542,724,
434,530,1003,395,508,541,604,
751,441,1021,330,513,570,694,
679,366,983,357,446,519,688,
504,307,944,358,443,526,629,
368,280,1002,398,464,548,721,
261,292,1018,334,618,600,694,
272,353,1019,378,568,558,570,
531,968,1023,385,495,493,668,
707,858,870,322,586,528,665,
891,711,722,366,620,444,613,
885,592,844,400,581,594,631,
722,596,1016,424,615,492,710,
558,616,1017,352,595,544,617,
654,511,1023,398,590,581,627,
805,423,1015,376,487,563,606,
897,499,1004,315,461,503,644,
1012,474,1011,360,497,577,697,
965,623,986,389,504,547,676,
930,652,974,335,474,554,688,
929,539,1022,360,529,521,676,
992,502,873,317,441,539,637,
955,602,724,308,458,476,615,
932,502,600,314,482,553,631,
931,577,647,326,581,490,704,
1015,529,1016,420,483,476,649,
964,619,955,351,487,504,634,
936,645,796,376,489,528,570,
974,809,663,314,435,475,639,
962,673,548,266,459,550,629,
812,558,646,301,437,487,638,
643,490,833,342,577,651,712,
473,410,694,293,654,584,675,
486,340,724,355,542,484,645,
412,327,863,294,674,516,598,
293,273,717,316,652,527,641,
227,368,666,332,640,683,634,
258,305,554,297,561,567,632,
216,268,656,409,882,593,710,
299,270,637,368,732,609,641,
353,241,985,429,608,503,665,
297,245,842,365,503,553,652,
208,215,699,356,660,583,618,
142,206,751,296,577,598,574,
153,209,620,258,475,598,638,
112,209,740,225,459,557,686,
83,175,616,275,507,526,600,
84,151,600,262,419,544,581,
95,172,556,231,351,544,624,
95,156,461,206,295,497,659,
74,134,404,228,247,543,650,
68,117,340,236,309,515,665,
84,107,284,196,256,459,659,
83,103,237,192,225,512,611,
123,207,200,205,293,509,616,
133,210,173,193,267,560,669,
180,181,145,206,268,533,611,
155,151,126,185,249,501,654,
121,130,169,160,234,492,650,
108,115,147,238,239,561,653,
104,104,134,211,245,533,640,
70,93,132,177,266,463,632,
48,82,137,190,236,455,648,
95,93,129,159,234,517,659,
98,95,130,195,256,521,627,
80,106,172,189,213,542,586,
68,121,144,242,257,525,648,
70,105,127,202,268,531,663,
89,93,145,171,238,454,619,
81,89,124,202,257,475,613,
73,107,111,222,264,503,644,
68,93,158,188,229,523,648,
66,81,135,176,274,518,678,
83,88,129,185,232,477,647,
74,101,147,166,278,535,637,
82,110,129,239,283,515,597,
82,108,134,199,242,505,590,
92,101,138,199,221,471,597,
82,101,137,215,284,534,649,
89,97,155,183,247,467,676,
77,91,165,163,260,485,644,
80,94,142,165,264,553,601,
73,83,124,185,232,466,631,
70,96,133,159,248,554,625,
95,121,126,232,236,521,702,
82,106,124,195,238,505,633,
69,91,144,215,272,551,658,
79,99,130,191,263,484,668,
78,90,131,188,255,549,614,
77,101,133,205,260,500,674,
79,101,123,194,236,499,633,
74,114,151,203,255,611,613,
84,103,128,226,303,602,633,
77,109,161,194,256,510,629,
85,95,137,230,270,529,606,
71,86,125,192,268,548,559,
74,96,117,191,258,504,606,
78,93,121,167,251,521,656,
86,87,129,187,219,486,606,
86,94,146,179,274,538,627,
74,104,142,200,256,543,579,
77,101,128,187,270,550,623,
75,109,133,210,246,512,633,
71,98,122,177,257,514,687,
81,84,153,170,245,512,636,
97,115,130,219,227,578,695,
87,122,161,185,214,477,646,
66,105,139,167,246,481,637,
69,92,144,179,270,517,597,
93,100,132,187,244,542,588,
94,107,146,208,245,559,561,
82,91,143,177,265,522,633,
77,90,130,204,253,544,596,
95,117,127,219,232,552,643,
81,107,138,193,246,490,704,
83,96,147,222,245,512,677,
79,82,174,191,247,519,622,
66,90,151,160,255,538,664,
70,86,128,176,252,470,697,
81,79,131,155,217,479,635,
86,117,137,188,255,502,577,
79,100,152,161,237,542,606,
89,106,140,190,246,550,616,
85,112,128,177,246,545,647,
77,103,150,187,260,508,604,
75,89,145,161,239,568,625,
83,77,164,177,271,482,668,
84,87,172,147,260,532,655,
85,113,146,191,251,528,626,
90,100,155,208,227,544,660,
77,89,132,210,258,505,641,
72,98,138,234,284,501,602,
78,100,122,196,260,510,688,
72,89,137,184,230,492,636,
86,93,164,200,261,553,648,
82,99,141,167,239,460,641,
79,94,154,202,240,519,671,
68,86,135,169,230,480,657,
82,79,135,178,229,526,649,
82,97,139,190,281,508,590,
62,109,130,204,306,501,610,
69,93,133,185,256,534,679,
85,116,118,179,234,568,615,
90,114,156,186,209,481,606,
58,99,136,204,245,520,651,
67,99,138,202,275,491,614,
77,102,124,208,269,540,655,
95,94,136,210,255,500,619,
75,86,120,191,292,491,615,
88,86,136,224,297,526,665,
77,86,129,213,263,504,711,
86,91,147,219,282,515,674,
86,101,147,216,269,539,602,
88,135,142,190,226,537,663,
69,118,142,161,226,519,605,
77,100,123,196,273,491,650,
81,98,127,192,263,473,568,
87,89,132,187,240,506,661,
72,91,137,183,268,529,581,
65,94,148,190,243,480,574,
80,116,124,209,246,532,690,
80,101,130,204,234,496,692,
79,91,139,189,236,448,656,
82,86,141,181,242,510,632,
70,90,138,164,229,528,694,
77,88,123,206,251,469,632,
90,86,133,178,253,552,592,
77,87,119,181,227,478,594,
71,93,134,225,293,484,641,
92,92,160,196,252,512,635,
66,104,144,175,261,542,592,
68,112,126,260,227,537,585,
85,100,144,217,242,484,588,
95,109,158,183,251,424,669,
83,101,134,194,261,536,622,
81,98,123,171,289,500,591,
86,106,149,173,240,506,577,
71,113,126,201,264,473,615,
70,110,117,217,255,526,705,
72,93,150,185,246,520,641,
78,88,146,169,230,497,648,
80,84,137,191,247,522,612,
101,110,120,264,230,546,687,
76,97,122,225,237,539,668,
77,85,151,190,229,507,650,
73,92,149,185,225,514,661,
87,93,131,223,273,544,592,
88,92,161,186,234,482,649,
77,79,140,182,249,552,663,
83,87,138,192,283,547,623,
80,75,142,166,267,538,608,
76,107,120,226,284,502,646,
73,91,147,192,245,508,617,
78,100,129,180,245,506,687,
91,117,140,201,252,586,651,
76,101,118,181,237,517,600,
65,115,106,239,268,540,617,
68,111,123,212,236,525,655,
84,96,117,194,241,527,683,
85,89,117,235,278,497,643,
65,81,130,198,255,557,595,
93,90,183,190,288,532,591,
87,93,153,193,256,529,639,
86,91,140,181,228,515,723,
72,96,119,235,265,463,635,
73,86,159,196,235,464,661,
88,86,144,210,294,537,632,
77,85,123,179,246,553,657,
70,91,145,180,287,521,623,
77,95,122,189,278,495,600,
80,86,144,159,261,538,602,
75,81,128,184,249,491,597,
78,98,120,229,278,520,592,
82,86,151,195,235,515,565,
82,92,142,180,288,536,641,
65,81,122,181,242,477,660,
80,82,145,168,254,477,670,
76,98,122,181,257,500,588,
76,84,147,177,253,460,573,
74,82,132,186,247,553,622,
78,86,128,178,226,512,653,
97,91,181,197,259,507,639,
88,87,153,184,263,549,696,
63,80,134,166,241,456,629,
87,89,127,200,294,562,638,
84,105,154,187,261,496,622,
73,99,129,197,242,488,658,
75,92,134,176,267,566,654,
65,101,124,204,227,468,647,
81,88,131,196,253,514,628,
76,92,169,164,231,488,589,
61,100,142,150,220,407,654,
86,89,169,146,240,516,639,
88,87,162,158,219,533,654,
78,85,137,159,253,442,675,
82,84,153,157,273,513,664,
82,105,129,205,250,607,635,
77,97,122,226,249,506,701,
67,96,130,194,239,509,681,
70,88,127,206,262,524,697,
74,86,132,209,245,489,628,
72,97,134,195,246,514,641,
97,95,118,273,249,538,627,
72,81,128,230,246,522,645,
66,91,150,193,207,491,656,
70,79,130,168,218,464,623,
78,90,142,190,287,546,663,
80,94,127,195,286,554,628,
92,92,159,189,250,577,650,
82,107,136,223,254,521,634,
60,102,123,197,275,518,629,
83,87,151,179,257,535,678,
92,99,154,191,237,556,617,
77,87,131,173,222,491,707,
74,88,120,170,245,479,641,
76,97,102,195,285,510,603,
91,91,131,237,290,528,636,
75,94,127,202,257,508,618,
79,93,139,180,240,495,667,
77,85,132,181,246,502,638,
82,102,138,225,265,486,609,
67,92,120,190,243,511,661,
79,87,149,175,250,522,595,
82,84,139,176,243,519,608,
82,103,118,158,258,535,638,
64,123,115,228,243,520,640,
72,106,164,191,231,498,608,
71,100,141,231,230,545,691,
78,94,152,198,250,558,626,
67,80,131,169,236,483,627,
87,109,144,191,269,506,670,
102,103,159,185,266,555,658,
79,90,136,219,250,527,579,
89,96,131,233,278,485,683,
92,85,149,194,298,530,704,
74,83,129,206,259,536,653,
67,91,161,188,253,543,611,
104,106,160,207,256,505,702,
76,94,153,174,274,564,576,
63,120,129,259,245,547,641,
71,103,167,220,229,487,619,
70,122,146,223,231,532,694,
80,107,137,188,249,511,665,
82,93,125,173,267,543,664,
88,91,209,156,250,554,641,
79,90,175,177,285,481,619,
93,88,165,170,238,465,668,
81,81,147,177,246,452,625,
76,113,140,181,278,509,623,
88,99,119,207,251,499,583,
84,89,116,173,251,463,693,
74,77,124,170,254,506,649,
80,90,114,245,270,534,603,
75,88,135,209,260,507,643,
72,87,140,175,239,499,647,
82,91,139,187,221,518,606,
73,84,122,156,237,469,678,
67,88,120,195,255,559,708,
78,84,133,179,225,561,611,
78,102,126,208,273,505,609,
61,97,148,177,228,529,644,
72,88,135,192,239,468,624,
83,91,149,179,244,506,678,
87,95,128,201,262,540,610,
86,101,146,221,266,496,581,
85,100,162,196,243,507,600,
80,90,145,171,231,509,612,
74,99,124,221,268,499,649,
64,86,141,185,237,488,631,
67,93,120,159,263,505,643,
76,121,115,239,263,583,649,
84,106,162,201,258,502,681,
76,93,141,214,268,507,608,
83,87,121,202,265,510,720,
68,96,148,177,235,511,634,
78,88,152,169,219,487,654,
81,87,132,177,229,555,564,
87,88,145,174,259,510,670,
79,87,126,174,243,460,561,
88,86,148,222,288,505,671,
68,118,137,225,249,516,643,
71,104,123,190,233,516,621,
80,96,129,201,265,525,651,
95,107,118,193,266,598,629,
74,108,112,211,268,513,620,
67,113,138,225,256,496,631,
85,96,135,193,260,507,647,
74,87,118,162,235,485,633,
69,89,124,183,218,492,626,
73,87,128,163,253,494,620,
94,96,160,195,252,518,683,
93,105,168,218,284,485,711,
71,95,145,184,239,502,639,
71,89,122,188,243,526,628,
71,91,117,220,260,478,650,
80,93,122,191,228,503,639,
81,79,128,181,224,500,612,
74,78,134,153,234,497,645,
72,96,164,195,219,459,668,
88,93,143,183,235,482,621,
92,93,152,196,284,558,622,
82,82,127,174,247,516,665,
77,121,162,200,263,546,635,
75,106,148,180,266,531,645,
80,111,142,199,289,549,600,
87,105,124,199,241,520,619,
90,93,155,168,244,509,687,
78,93,130,205,259,489,629,
74,95,121,214,255,546,637,
72,82,129,182,252,532,595,
80,102,111,201,240,544,603,
78,92,110,225,283,495,634,
73,101,127,192,286,506,555,
92,95,184,165,246,481,625,
92,89,157,191,248,506,673,
77,83,133,193,262,516,680,
91,109,138,228,228,487,659,
68,120,125,219,261,481,690,
79,102,142,186,257,505,681,
85,89,162,175,232,445,622,
79,84,140,163,264,543,676,
81,85,149,185,266,529,623,
84,88,146,190,256,496,653,
76,84,126,181,262,522,675,
75,93,169,182,240,538,634,
76,104,142,214,279,542,578,
78,111,150,183,262,517,638,
77,96,131,176,249,523,593,
91,91,128,215,261,494,584,
95,96,125,185,249,509,601,
77,87,178,183,237,510,671,
67,101,152,207,253,562,533,
77,86,134,177,222,467,607,
92,83,154,167,255,493,620,
81,81,139,184,256,501,645,
69,119,131,250,255,511,619,
83,106,121,208,244,522,669,
74,99,134,202,285,526,601,
82,88,122,220,239,478,632,
76,81,138,183,250,540,628,
76,121,150,211,265,546,627,
85,105,168,180,260,516,644,
75,91,142,177,216,457,645,
75,83,136,174,217,481,629,
83,90,135,189,256,496,630,
81,90,144,159,250,524,636,
70,96,123,254,277,518,702,
76,100,162,212,266,451,592,
80,93,138,230,274,520,633,
79,89,152,197,251,498,577,
75,101,131,197,238,532,690,
75,101,110,249,264,494,668,
54,88,136,210,231,470,641,
63,113,115,206,267,485,666,
90,99,171,177,231,526,613,
86,96,148,175,249,512,680,
79,96,128,215,291,507,662,
79,85,120,199,251,445,706,
76,93,146,167,270,546,645,
75,85,125,176,235,457,671,
80,85,124,194,285,573,653,
86,96,113,220,253,477,728,
81,87,129,184,233,538,625,
74,98,128,201,276,483,635,
77,101,126,201,306,553,664,
78,105,123,189,255,480,550,
89,94,118,233,274,498,621,
94,100,172,212,274,515,653,
89,99,150,192,275,513,589,
82,87,125,216,254,500,679,
76,92,164,185,224,487,626,
81,84,138,199,288,513,657,
94,90,156,195,241,516,622,
71,90,134,170,264,508,584,
78,89,137,198,254,590,703,
67,92,121,167,222,551,690,
85,97,135,194,247,562,664,
89,96,171,167,213,533,662,
78,87,144,140,254,484,597,
84,93,177,169,245,548,568,
68,85,151,151,243,525,576,
86,93,134,188,217,497,653,
100,92,166,192,276,509,661,
77,81,142,163,238,437,610,
64,99,129,202,306,538,673,
79,90,130,169,256,477,688,
83,83,140,181,218,498,655,
72,106,129,200,272,542,606,
74,99,112,208,273,515,620,
78,84,120,227,267,521,692,
73,90,138,196,236,546,642,
81,90,146,202,281,502,628,
78,100,129,227,233,494,611,
73,106,144,191,244,526,654,
73,94,154,162,240,559,607,
80,80,153,169,242,487,692,
85,83,153,166,248,547,628,
77,85,146,151,235,484,592,
83,96,137,174,249,533,580,
80,85,149,184,224,515,648,
88,93,148,208,245,509,611,
76,90,142,174,247,533,636,
73,94,145,210,256,582,620,
87,105,157,194,257,524,655,
81,92,133,238,247,502,660,
71,93,136,204,253,508,549,
92,102,151,189,241,515,666,
85,105,135,190,280,544,660,
77,97,128,188,270,529,669,
76,88,145,184,225,528,578,
75,77,144,192,234,495,611,
80,94,138,246,301,528,604,
70,97,128,205,271,529,585,
79,103,149,177,276,491,595,
84,90,133,195,266,558,601,
96,110,148,214,256,485,618,
93,96,132,187,281,509,611,
78,84,124,196,276,492,667,
69,83,123,180,251,524,657,
71,95,163,219,240,517,626,
90,103,140,232,264,517,591,
85,95,140,199,258,516,650,
79,93,136,212,238,512,650,
74,107,115,222,309,494,604,
81,96,136,237,281,479,662,
72,88,121,205,266,512,643,
70,97,129,225,264,553,656,
85,124,142,208,251,538,678,
77,109,122,174,252,449,709,
73,96,132,171,262,491,642,
88,99,114,238,262,545,674,
79,110,124,206,277,582,619,
79,104,140,182,245,495,686,
84,90,129,163,270,573,624,
85,96,147,170,248,550,592,
77,111,131,195,246,511,687,
75,112,116,219,271,555,620,
79,99,131,186,271,565,726,
81,89,148,164,261,509,666,
83,94,141,181,255,515,603,
79,92,123,177,255,540,646,
71,100,132,163,241,530,593,
68,93,113,187,269,532,618,
85,84,150,157,227,498,615,
82,96,130,248,252,572,606,
78,84,133,207,223,534,591,
78,81,137,178,250,536,699,